date,description,discount,discount_rate,end_date,full_description,hsn,id,lot,normalized_description,order,price,quantity,reference,section,sku,start_date,tax,tax_rate,text,total,type,unit_of_measure,upc,weight
,BONAFONT6P,,,,BONAFONT6P,,1759417865,,,0,,1,,,758104001552,,,,758104001552 BONAFONT6P	$	46.00T,46,product,,,
,KIT DE SALSA,,,,KIT DE SALSA,,1758467753,,,0,,3,,,,,,,3 KIT DE SALSA,,food,,,
,BOTE AGUA,,,,BOTE AGUA,,1758467754,,,1,47,1,,,,,,,1	BOTE AGUA	47.00	47.00,47,food,,,
,REFRESCO,,,,REFRESCO,,1758467755,,,2,49,1,,,,,,,1	REFRESCO	49.00	49.00,49,food,,,
,SHORT RIB,,,,SHORT RIB,,1758467756,,,3,295,1,,,,,,,1	SHORT RIB	295.00	295.00,295,food,,,
,AGUACHILE,,,,AGUACHILE,,1758467757,,,4,235,1,,,,,,,1	AGUACHILE	235.00	235.00,235,food,,,
,GAONERA DE FILE,,,,GAONERA DE FILE,,1758467758,,,5,215,1,,,,,,,1	GAONERA DE FILE	215.00	215.00,215,food,,,
,SALSA CHICLE,,,,SALSA CHICLE,,1758467759,,,6,,1,,,,,,,1	SALSA CHICLE,,food,,,
,SALSA PIQUIN,,,,SALSA PIQUIN,,1758467760,,,7,,1,,,,,,,1 SALSA PIQUIN,,food,,,
,"Marinela Rocko 44 G
1.0",,0,,Marinela Rocko 44 G 1.0,,1758036901,,,0,10,1,,,,,,,"Marinela Rocko 44 G
1.0	10.00 0.00	10.00",10,food,,,
,"Sabritas Doritos Dinamita 70G
1.0",0,,,Sabritas Doritos Dinamita 70G 1.0,,1758036902,,,1,20,1,,,,,,,"Sabritas Doritos Dinamita 70G
1.0	20.00 0.00	20.00",20,food,,,
,"danone fresa 242 gr
1.0",0,,,danone fresa 242 gr 1.0,,1758036903,,,2,19,1,,,,,,,"danone fresa 242 gr
1.0	19.00	0.00	19.00",19,food,,,
,BONAFONT6P,,,,BONAFONT6P,,1757190627,,,0,,1,,,758104001552,,,,758104001552 BONAFONT6P	$	46.00T	$,46,product,,,
,CANT PCIO U. %DESCIMPORTE,,,,CANT PCIO U. %DESCIMPORTE,,1756096556,,,0,,1,,,,,,,CANT PCIO U. %DESCIMPORTE,,food,,,
,"Gomimango Enchilado 100 g
1.0",,,,Gomimango Enchilado 100 g 1.0,,1756096557,,,1,12,1,,,,,,,"Gomimango Enchilado 100 g
1.0 12.00 0.00 12.00",12,food,,,
,"Boing Manzana Lata 340 ml
1.0",,,,Boing Manzana Lata 340 ml 1.0,,1756096558,,,2,20,1,,,,,,,"Boing Manzana Lata 340 ml
1.0 20.00 0.00 20.00",20,food,,,
,"Malanga queso 80g
1.0",,,,Malanga queso 80g 1.0,,1756096559,,,3,42,1,,,,,,,"Malanga queso 80g
1.0 42.00 0.00 42.00",42,food,,,
,CACAHUATE SALADO 90,,,,CACAHUATE SALADO 90,,1755947033,,,0,,1,,,,,,,CACAHUATE SALADO 90		1	27.50,27.5,food,,,
,AGUA CIEL 600 ML,,,,AGUA CIEL 600 ML,,1755947034,,,1,,1,,,,,,,AGUA CIEL 600 ML		1	13.00,13,food,,,
,CAFE AMERICANO AGRICUL,,,,CAFE AMERICANO AGRICUL,,1754986452,,,0,,1,,,,,,10,"1 CAFE AMERICANO AGRICUL 10%	3,65",3.65,food,,,
,CACAHUATE SALADO 45,,,,CACAHUATE SALADO 45,,1754147147,,,0,,1,,,,,,,CACAHUATE SALADO 45			19.50,19.5,food,,,
,CACAHUATE SALADO 45,,,,CACAHUATE SALADO 45,,1754147148,,,1,,1,,,,,,,CACAHUATE SALADO 45		1	19.50,19.5,food,,,
,CACAHUATE SALADO 45,,,,CACAHUATE SALADO 45,,1753662572,,,0,,1,,,,,,,CACAHUATE SALADO 45		1	19.50,19.5,food,,,
,CACAHUATE SALADO 45,,,,CACAHUATE SALADO 45,,1753662573,,,1,,1,,,,,,,CACAHUATE SALADO 45			19.50,19.5,food,,,
,Cleveland Classic,,,,Cleveland Classic,,1750078040,,,0,,1,,,,,,,Cleveland Classic		$20.99,20.99,food,,,
,Chick Dinner MED 8pc,,,,Chick Dinner MED 8pc,,1750078041,,,1,,1,,,,,,,Chick Dinner MED 8pc	$23.99,23.99,food,,,
,20 oz. Aquafina Water,,,,20 oz. Aquafina Water,,1750078042,,,2,,1,,,,,,,20 oz. Aquafina Water	$2.99,2.99,food,,,
,BTL- Miller Lite,,,,BTL- Miller Lite,,1750073927,,,0,,6,,,,,,,6 BTL- Miller Lite		$24.00,24,alcohol,,,
,"Traditional Wings - Full Order
Hot
Dry Cajun",,,,"Traditional Wings - Full Order
Hot Dry Cajun",,1750073928,,,1,,1,,,,,,,"1 Traditional Wings - Full Order $16.00
Hot
Dry Cajun",16,food,,,
,Single Casamigos Reposado,,,,Single Casamigos Reposado,,1750073929,,,2,,2,,,,,,,2 Single Casamigos Reposado	$22.00,22,alcohol,,,
,Single Casamigos Silver,,,,Single Casamigos Silver,,1750073930,,,3,,2,,,,,,,2 Single Casamigos Silver	$22.00,22,alcohol,,,
,FAMOUS STAR,,,,FAMOUS STAR,,1747199604,,,0,,2,,,,,,,2 FAMOUS STAR,,food,,,
,WESTERN BACON,,,,WESTERN BACON,,1747199605,,,1,,1,,,,,,,1 WESTERN BACON,,food,,,
,BIG CARL BURGER,,,,BIG CARL BURGER,,1747199606,,,2,,1,,,,,,,1 BIG CARL BURGER,,food,,,
,No. Mesa 39,,,,No. Mesa 39,,1747199607,,,3,,1,,,,,,,1 No. Mesa 39,,food,,,
,FAMOUS STAR,,,,FAMOUS STAR,,1747194094,,,0,,2,,,,,,,2 FAMOUS STAR,,food,,,
,WESTERN BACON,,,,WESTERN BACON,,1747194095,,,1,,1,,,,,,,1	WESTERN BACON,,food,,,
,BIG CARL BURGER,,,,BIG CARL BURGER,,1747194096,,,2,,1,,,,,,,1 BIG CARL BURGER,,food,,,
,No. Mesa 39,,,,No. Mesa 39,,1747194097,,,3,,1,,,,,,,1 No. Mesa 39,,food,,,
,FAMOUS STAR,,,,FAMOUS STAR,,1747184873,,,0,,2,,,,,,,2 FAMOUS STAR,,food,,,
,WESTERN BACON,,,,WESTERN BACON,,1747184876,,,1,,1,,,,,,,1 WESTERN BACON,,food,,,
,BIG CARL BURGER,,,,BIG CARL BURGER,,1747184879,,,2,,1,,,,,,,1 BIG CARL BURGER,,food,,,
,No. Mesa 39,,,,No. Mesa 39,,1747184881,,,3,,1,,,,,,,1 No. Mesa 39,,food,,,
,CURRY CACAHUATE MENU,,,,CURRY CACAHUATE MENU,,1747050335,,,0,,1,,,,,,,1	CURRY CACAHUATE MENU		$245.00,245,food,,,
,CURRY AMARILLO MENU,,,,CURRY AMARILLO MENU,,1747050336,,,1,,1,,,,,,,1	CURRY AMARILLO MENU		$239.00,239,food,,,
,BEEF LAAB MENU,,,,BEEF LAAB MENU,,1747050337,,,2,,1,,,,,,,BEEF LAAB MENU		$249.00,249,food,,,
,BROCOLI BEEF MENU,,,,BROCOLI BEEF MENU,,1747050338,,,3,,1,,,,,,,BROCOLI BEEF MENU		$249.00,249,food,,,
,BROCOLI BEEF MENU,,,,BROCOLI BEEF MENU,,1747050339,,,4,,1,,,,,,,BROCOLI BEEF MENU		$249.00,249,food,,,
,CURRY CACAHUATE MENU,,,,CURRY CACAHUATE MENU,,1747050340,,,5,,1,,,,,,,1	CURRY CACAHUATE MENU		$245.00,245,food,,,
,CURRY CACAHUATE MENU,,,,CURRY CACAHUATE MENU,,1747050341,,,6,,1,,,,,,,CURRY CACAHUATE MENU		$245.00,245,food,,,
,PANTALLA 65,-3069,,,PANTALLA 65,,1746955057,,,0,,1,,,981041265,,,,"981041265 PANTALLA 65 $ 12,274.98A	-3,069.00",12274.98,product,,,
,JVC 32QLED,-2215.82,,,JVC 32QLED,,1746872616,,,0,2925.78,6,,,981033000,,,,"981033000 JVC 32QLED
6 X $2,925.78 $	17,554.68A
EVENTO $	-2,215.82",17554.68,product,,,
,HISENSE 5000,,,,HISENSE 5000,,1746872617,,,1,,1,,,981037123,,,,"981037123 HISENSE 5000 $	10,842.78A",10842.78,product,,,
,"POLLO ME
ira
SA",,,,"POLLO ME
ira SA",,1745630784,,,0,185,1,,,03,,,,"03
1	POLLO ME $185.00 $185.00	ira
SA",185,food,,,
,"MEDIO PO
56
LLO MESA",,,,"MEDIO PO
56 LLO MESA",,1745630785,,,1,95,1,,,,,,,"1	MEDIO PO $95.00 $95.00 56
LLO MESA",95,food,,,
,REFRESCO,,,,REFRESCO,,1745630786,,,2,35,2,,,,,,,2 REFRESCO $35.00 $70.00,70,food,,,
,TECATE LIGH BOT,,,,TECATE LIGH BOT,,1744985984,,,0,60,1,,,,,,,1	TECATE LIGH BOT @$60.	$60.00,60,alcohol,,,
,BOHEMIA CRISTAL,,,,BOHEMIA CRISTAL,,1744985985,,,1,65,1,,,,,,,1	BOHEMIA CRISTAL @$65.	$65.00,65,food,,,
,INDIO,,,,INDIO,,1744985986,,,2,60,1,,,,,,,1	INDIO @$60.00	$60.00,60,alcohol,,,
,XX LAGER,,,,XX LAGER,,1744985987,,,3,60,1,,,,,,,1	XX LAGER @$60.00	$60.00,60,alcohol,,,
,AGUACHILE SINAL,,,,AGUACHILE SINAL,,1744985988,,,4,262,1,,,,,,,AGUACHILE SINAL @$262	$262.00,262,alcohol,,,
,AROS DE CALAMAR,,,,AROS DE CALAMAR,,1744985989,,,5,225,1,,,,,,,AROS DE CALAMAR @$225	$225.00,225,food,,,
,AGUA MIN 355 ML,,,,AGUA MIN 355 ML,,1744985990,,AGUA MINERALE 355 ML,6,60,1,,,,,,,1	AGUA MIN 355 ML @$60.	$60.00,60,food,,,
,TARRO CHELADO,,,,TARRO CHELADO,,1744985992,,,7,25,1,,,,,,,TARRO CHELADO @$25.00	$25.00,25,alcohol,,,
,TOS. LAJA ATUN,,,,TOS. LAJA ATUN,,1744985994,,,8,110,1,,,,,,,1	TOS. LAJA ATUN @$110	$110.00,110,food,,,
,TOS. MAHI MAHI,,,,TOS. MAHI MAHI,,1744985995,,,9,95,1,,,,,,,TOS. MAHI MAHI @$95.0	$95.00,95,food,,,
,TACO PULP ZARAN,,,,TACO PULP ZARAN,,1744985996,,,10,190,1,,,,,,,1	TACO PULP ZARAN @$190	$190.00,190,food,,,
,COSTR CAMARON,,,,COSTR CAMARON,,1744985997,,,11,130,1,,,,,,,COSTR CAMARON @$130.0	$130.00,130,food,,,
,T MARLIN PZA,,,,T MARLIN PZA,,1744985998,,,12,90,1,,,,,,,1	T MARLIN PZA @$90.00	$90.00,90,food,,,
,T CAMARON ENS.,,,,T CAMARON ENS,,1744985999,,,13,140,1,,,,,,,T CAMARON ENS. @$140.	$140.00,140,food,,,
,T MARLIN PZA,,,,T MARLIN PZA,,1744986000,,,14,90,1,,,,,,,1	T MARLIN PZA @$90.00	$90.00,90,food,,,
,T CAMARON ENS.,,,,T CAMARON ENS,,1744986001,,,15,140,1,,,,,,,T CAMARON ENS. @$140.	$140.00,140,food,,,
,TACO BAJA PZA,,,,TACO BAJA PZA,,1744986002,,,16,120,1,,,,,,,TACO BAJA PZA @$120.0	$120.00,120,food,,,
,COCA COLA ZERO,,,,COCA COLA ZERO,,1744986003,,,17,60,1,,,,,,,1	COCA COLA ZERO @$60.0	$60.00,60,food,,,
,CAFE AMERICANO,,,,CAFE AMERICANO,,1744986004,,,18,65,1,,,,,,,1	CAFE AMERICANO @$65.0	$65.00,65,food,,,
,CAFE EXPRESO,,,,CAFE EXPRESO,,1744986005,,,19,65,1,,,,,,,1	CAFE EXPRESO @$65.00	$65.00,65,food,,,
,CAFE EXPRESO,,,,CAFE EXPRESO,,1744986006,,,20,65,1,,,,,,,1	CAFE EXPRESO @$65.00	$65.00,65,food,,,
,ORIGINAL PAPAS,,,,ORIGINAL PAPAS,,1744328269,,,0,,1,,RESTAURANTE,,,,,1 ORIGINAL PAPAS	255.00,255,food,,,
,EX QUESO CHEDDAR,,,,EX QUESO CHEDDAR,,1744328270,,,1,,1,,RESTAURANTE,,,,,1 EX QUESO CHEDDAR	31.00,31,food,,,
,"EX TOCINO
TPV ADYEN",,,,"EX TOCINO
TPV ADYEN",,1744328271,,,2,,1,,RESTAURANTE,,,,,"1 EX TOCINO		31.00
TPV ADYEN",31,food,,,
,HORCHATA DE MAIZ,,,,HORCHATA DE MAIZ,,1742950437,,,0,,2,,,,,,,2 HORCHATA DE MAIZ	$100.00,100,food,,,
,TTT COPA,,,,TTT COPA,,1742950438,,,1,,1,,,,,,,1 TTT COPA		$150.00,150,tobacco,,,
,CORONA LIGHT,,,,CORONA LIGHT,,1742950439,,,2,,1,,,,,,,1 CORONA LIGHT		$65.00,65,alcohol,,,
,MICHELADA,,,,MICHELADA,,1742950440,,,3,,1,,,,,,,1 MICHELADA		$15.00,15,food,,,
,LIMONADA,,,,LIMONADA,,1742950441,,,4,,1,,,,,,,1 LIMONADA		$55.00,55,food,,,
,CONTRALUZ,,,,CONTRALUZ,,1742950442,,,5,,1,,,,,,,1 CONTRALUZ		$240.00,240,food,,,
,GUACAMOLE,,,,GUACAMOLE,,1742950443,,,6,,1,,,,,,,1 GUACAMOLE		$195.00,195,food,,,
,ELOTITOS ENRIQUE,,,,ELOTITOS ENRIQUE,,1742950444,,,7,,1,,,,,,,1 ELOTITOS ENRIQUE	$180.00,180,food,,,
,CEVICHE DE ATUN Y SANDI,,,,CEVICHE DE ATUN Y SANDI,,1742950445,,,8,,1,,,,,,,1 CEVICHE DE ATUN Y SANDI	$305.00,305,food,,,
,TACO COCHINITA,,,,TACO COCHINITA,,1742950446,,,9,,5,,,,,,,5 TACO COCHINITA	$725.00,725,food,,,
,SOPA TORTILLA,,,,SOPA TORTILLA,,1742950447,,,10,,2,,,,,,,2 SOPA TORTILLA	$370.00,370,food,,,
,EXTRA POLLO,,,,EXTRA POLLO,,1742950448,,,11,,1,,,,,,,"1 EXTRA POLLO
	$50.00",50,food,,,
,SOPECITOS TTT,,,,SOPECITOS TTT,,1742950449,,,12,,1,,,,,,,"1 SOPECITOS TTT
	$190.00",190,tobacco,,,
,"CREPAS CON FERRERO
Total Neto",,,,"CREPAS CON FERRERO
Total Neto",,1742950450,,,13,,1,,,,,,,"1 CREPAS CON FERRERO	$155.00
	Total Neto: $2,409.48",155,food,,,
,Coca Zero,,,,Coca Zero,,1742688419,,,0,,1,,,,,,,1 Coca Zero		66.00,66,food,,,
,"Limonada
Agua Mineral",,,,"Limonada
Agua Mineral",,1742688420,,,1,,1,,,,,,,"1 Limonada		66.00
Agua Mineral",66,food,,,
,"Refresco Bot/Lat
Coca Cola Lata",,,,"Refresco Bot/Lat
Coca Cola Lata",,1742688421,,,2,,1,,,,,,,"1 Refresco Bot/Lat	62.00
Coca Cola Lata",62,food,,,
,Mush Jack CK,,,,Mush Jack CK,,1742688422,,,3,,1,,,,,,,1 Mush Jack CK	345.00,345,food,,,
,"Cajun Chiken Pas
N/ a",,,,"Cajun Chiken Pas
N/ a",,1742688424,,,4,,1,,,,,,,"1 Cajun Chiken Pas	299.00
N/ a",299,food,,,
,Santa Fe Ck Sal,,,,Santa Fe Ck Sal,,1742688427,,,5,,1,,,,,,,1 Santa Fe Ck Sal	249.00,249,food,,,
,Aderezos,,,,Aderezos,,1742688429,,,6,,1,,,,,,,1 Aderezos		35.00,35,food,,,
,Cleveland Classic,,,,Cleveland Classic,,1740725642,,,0,,1,,,,,,,Cleveland Classic		$20.99,20.99,food,,,
,Chick Dinner MED 8pc,,,,Chick Dinner MED 8pc,,1740725643,,,1,,1,,,,,,,Chick Dinner MED 8pc	$23.99,23.99,food,,,
,20 oz. Aquafina Water,,,,20 oz. Aquafina Water,,1740725644,,,2,,1,,,,,,,20 oz. Aquafina Water	$2.99,2.99,food,,,
,Mango Lemonade,,,,Mango Lemonade,,1739972555,,,0,,1,,,,,,,1 Mango Lemonade	27.29,27.29,food,,,
,"12oz Ribeye
Receipt",,,,12oz Ribeye Receipt,,1739972556,,,1,,1,,,,,,,"1 12oz Ribeye
	Receipt",,food,,,
,ORIGINAL PAPAS,,,,ORIGINAL PAPAS,,1739937489,,,0,,1,,RESTAURANTE,,,,,1 ORIGINAL PAPAS	255.00,255,food,,,
,EX QUESO CHEDDAR,,,,EX QUESO CHEDDAR,,1739937490,,,1,,1,,RESTAURANTE,,,,,1 EX QUESO CHEDDAR	31.00,31,food,,,
,"EX TOCINO
TPV ADYEN",,,,"EX TOCINO
TPV ADYEN",,1739937491,,,2,,1,,RESTAURANTE,,,,,"1 EX TOCINO		31.00
TPV ADYEN",31,food,,,
,"Life Water
1 Cheesecake",,,,"Life Water
1 Cheesecake",,1739913246,,,0,,1,,,,,,,"1 Life Water		$5.99
1 Cheesecake",5.99,food,,,
,"10000970
Limpiaparabrisas
00 P",,,,"10000970 Limpiaparabrisas
00 P",,1739811361,,,0,,1,,,001009360,,,,"#001009360 10000970
Limpiaparabrisas		579 00 P",579,product,,,
,"Endurance 24, C/U",,,,"Endurance 24, C/U",,1739811362,,,1,,1,,,001009360 10000970,,,,"Endurance 24, C/U
#001009360 10000970",,product,,,
,Limpiaparabrisas,,,,Limpiaparabrisas,,1739811363,,,2,,1,,,,,,,Limpiaparabrisas		579.00 P,579,product,,,
,"Endurance 24, C/U",,,,"Endurance 24, C/U",,1739811364,,,3,,1,,,000076025 37000,,,,"Endurance 24, C/U
*000076025 37000",,product,,,
,"Restaurador de faros
Treatment, C/U",,,,"Restaurador de faros
Treatment, C/U",,1739811365,,,4,,1,,,,,,,"Restaurador de faros	249.00 P
Treatment, C/U",249,product,,,
,PREMIUM 32012,,,,PREMIUM 32012,,1739811123,,,0,24.94,62.01,,,,,,,PREMIUM 32012	24.94 62.010 $1546.53,1546.53,fuel,,,
,"Flat White
Elige el tamaño",,,,"Flat White
Elige el tamaño",,1738417375,,,0,,1,,,,,,,"1	Flat White	126,00 MXN
Elige el tamaño",126,food,,,
,"Venti (20oz 606ml)
Tipo de azúcar
Splenda 0,00 MXN
Tipo de grano de café
Espresso 0,00 MXN
Tipo de leche
Deslactosada 14,00 MXN",,,,"Venti (20oz 606ml)
Tipo de azúcar Splenda 0,00 MXN Tipo de grano de café Espresso 0,00 MXN Tipo de leche Deslactosada 14,00 MXN",,1738417376,,,1,,1,,,,,,,"Venti (20oz 606ml) 20,00 MXN
Tipo de azúcar
Splenda 0,00 MXN
Tipo de grano de café
Espresso 0,00 MXN
Tipo de leche
Deslactosada 14,00 MXN",20,food,,,
,PREMIUM 32012,,,,PREMIUM 32012,,1737925435,,,0,24.94,62.01,,,,,,,PREMIUM 32012 24.94 62.010 $1546.53,1546.53,fuel,,,
,"13 RIBEYE, - asp (2.99)",,,,"13 RIBEYE, - asp (2.99)",,1737871796,,,0,,1,,,,,,,"1 13 RIBEYE, - asp (2.99)	32.48",32.48,food,,,
,BLUE LAV LEM,,,,BLUE LAV LEM,,1737871797,,,1,,1,,,,,,,1 BLUE LAV LEM		8.00,8,food,,,
,"Premium
CIEN PESOS CON 00/100 M.N.",,,,"Premium
CIEN PESOS CON 00/100 M.N",,1732675790,,,0,26.65,3.7523,,,32012,,,,"32012 Premium	26.65	100.00

CIEN PESOS CON 00/100 M.N",100,product,,,
,PREMIUM,,,,PREMIUM,,1718192020,,,0,23.27,21.8621,,,,,,,48.00	PREMIUM 23.27	508 73,508.73,fuel,,,
,"BP REGULAR 87 OCTANOS
LTR. (CLAVE PEMEX:32825)",,,,"BP REGULAR 87 OCTANOS
LTR. (CLAVE PEMEX:32825)",,1713866308,,,0,23.89,35.983,,,,,,,"35.983BP REGULAR 87 OCTANOS 23.89	859.63
LTR. (CLAVE PEMEX:32825)",859.63,fuel,,,
,"Producto: Mobil supreme
Código Flota:0253
Placa: Auto-authorize",,,,Producto: Mobil supreme Código Flota:0253 Placa: Auto-authorize,,1704247875,,,0,,1,,,,,,,"Producto: Mobil supreme
Código Flota:0253
Placa: Auto-authorize",,fuel,,,
,"Flota: Flota Estandard
Usuario: Auto-authorize",,,,Flota: Flota Estandard Usuario: Auto-authorize,,1704247876,,,1,25.01,1,,,,,,,"Flota: Flota Estandard
Usuario: Auto-authorize
Litros: 25.01",25.01,food,Litros,,
,2d6d124064,,,,2d6d124064,,1704247877,,,2,,1,,,,,,,2d6d124064,,food,,,
,MAGNA,,,,MAGNA,,1701164871,,,0,23.95,35,,,Producto,,,,"Producto	MAGNA
Litros	35.000
Precio	23.950",838.25,fuel,Litros,,
,"PREMIUM
Total",,,,"PREMIUM
Total",,1700896866,,,0,27.29,7.329,,,,,,,"PREMIUM 7.329 $27.29 $ 200.0

Total M.N",200,fuel,,,
,MAGNA,,,,MAGNA,,1697317808,,,0,23.99,25.012,,,,,,,MAGNA	25.012 > 23.99 $ 600.0,600,fuel,,,
,"SHELL V-P
CLAVE PROD. 32026",,,,SHELL V-P (CLAVE PROD. 32026),,1696228564,,,0,26.79,31.272,,,,,,,"SHELL V-P	(CLAVE PROD. 32026)
31.272 LTR	26.79	837.77",837.77,fuel,LTR,,
,MAGNA,,,,MAGNA,,1675346505,,,0,23.99,400.1667,,,,,,,MAGNA	25.012	$ 23.99 9 600.0,9600,fuel,,,
,10 PREMIUM,,,,10 PREMIUM,,1651831917,,,0,27.49,23.007,,,,,,,23.007 27.49 10 PREMIUM	550.00,550,fuel,,,
,MAGNA,,,,MAGNA,,1650501256,,,0,23.99,25.012,,,,,,,MAGNA	25.012 $ 23.99 $ 600.0,600,fuel,,,
,"ULTRAPLATINUMPREMIUM
VOLUMEN
PRECIO IMPORTE",,,,ULTRAPLATINUMPREMIUM VOLUMEN PRECIO IMPORTE,,1643152172,,,0,24.99,25.222,,,,,,,"PRODUCTO: 2 ULTRAPLATINUMPREMIUM
VOLUMEN	PRECIO IMPORTE
25.222	24.99	630.30",630.3,product,,,
,"SHELL V-P
LTR",,,,"SHELL V-P
LTR",,1642624395,,,0,26.79,18.291,,,,,,,"490.00
SHELL V-P
18.291 LTR 26.79",490,fuel,,,
,"MAGNA
Total",,,,"MAGNA
Total",,1591291117,,,0,23.99,20.842,,,,,,,"MAGNA	20.842 $ 23.99 $ 500.0

Total M.N",500,fuel,,,
,QUERETARO,,,,QUERETARO,,1586645211,,,0,,1,,,7501125153501,,,,"QUERETARO
1 x 7501125153501	$ 780.00",780,product,,,
,1 * *MAZDA CAP 75MG CAJ C/20,,,,1 * *MAZDA CAP 75MG CAJ C/20,,1586645212,,,1,,1,,,7508006105901,,,,"1 * *MAZDA CAP 75MG CAJ C/20
1 x 7508006105901	$ 58.00",58,product,,,
,* AURAX IBUPROFENO 400MG C/18,,,,* AURAX IBUPROFENO 400MG C/18,,1586645213,,,2,,1,,,,,,,1 * AURAX IBUPROFENO 400MG C/18,,product,,,
,Precio de ofe 40.50,-17.5,,,Precio de ofe 40.50,,1586645214,,,3,,1,,,7508006108599,,,,"¡Precio de ofe 40.50	-17.50
1 x 7508006108599	$ 75.00",75,product,,,
,* AURAX NEO/CAO/PEC 129/280/30,,,,* AURAX NEO/CAO/PEC 129/280/30,,1586645215,,,4,,1,,,,,,,1 * AURAX NEO/CAO/PEC 129/280/30,,product,,,
,,,,,,,1586645216,,,5,,1,,,7501125153501,,,,1 x 7501125153501	$ 780.00,780,,,,
,* *MAZDA CAP 75MG CAJ C/20,,,,* *MAZDA CAP 75MG CAJ C/20,,1586645217,,,6,,1,,,,,,,1 * *MAZDA CAP 75MG CAJ C/20,,product,,,
,1.0x Programa Lealtad,,,,1.0x Programa Lealtad,,1586645218,,,7,,1,,,,,,,1.0x Programa Lealtad -780.00,-780,product,,,
,"FUSIBLE TIPO EUROPEO DE 1 AMP Y
250 VCA",,,,FUSIBLE TIPO EUROPEO DE 1 AMP Y 250 VCA,,1733766866,,,0,,1,,,,,,,"FEUR 1	17.25
FUSIBLE TIPO EUROPEO DE 1 AMP Y
250 VCA",17.25,product,,,
,0.160000,,,,0.160000,,1733766867,,,1,,1,,,002,,,,002	0.160000	2.76,2.76,product,,,
,CAU-118,,,,CAU-118,,1733766868,,,2,,1,,,,,,,1	CAU-118	16.38,16.38,product,,,
,"PUNTA CONICA PARA CAU-115 Y
CAU-105
0.160000",,,,"PUNTA CONICA PARA CAU-115 Y CAU-105
0.160000",,1733766869,,,3,,1,,,002,,,,"PUNTA CONICA PARA CAU-115 Y
CAU-105
002	0.160000	2.62",2.62,product,,,
,SOL60-020,,,,SOL60-020,,1733766870,,,4,,1,,,,,,,1	SOL60-020	33.62,33.62,food,,,
,"TUBO DE 17GRS DE SOLDADURA ALEA
60/40 1 MM
002
0.160000",,,,TUBO DE 17GRS DE SOLDADURA ALEA 60/40 1 MM 002 0.160000,,1733766871,,,5,,1,,,,,,,"TUBO DE 17GRS DE SOLDADURA ALEA
60/40 1 MM
002	0.160000	5.38",5.38,product,,,
,CAU-168,,,,CAU-168,,1733766872,,,6,,1,,,,,,,1	CAU-168	33.62,33.62,food,,,
,"MALLA DESOLDADORA DE COBRE
2MM X 1.50 MTS
0.160000",,,,"MALLA DESOLDADORA DE COBRE 2MM X 1.50 MTS
0.160000",,1733766873,,,7,,1,,,002,,,,"MALLA DESOLDADORA DE COBRE
2MM X 1.50 MTS
002	0.160000	5.38",5.38,product,,,
,- TOME,,,,- TOME,,1694934162,,,0,,1,,,3336600157880,,,,3336600157880 - TOME,,product,,,
,BROCA DIAMANTADA PAR,,,,BROCA DIAMANTADA PAR,,1694934163,,,1,,1,,,,,,,BROCA DIAMANTADA PAR	$	745.00,745,product,,,
,- TOME,,,,- TOME,,1694934164,,,2,,1,,,3336600144484,,,,3336600144484 - TOME,,product,,,
,BROCA DIAMANTADA PAR,,,,BROCA DIAMANTADA PAR,,1694934165,,,3,,1,,,,,,,BROCA DIAMANTADA PAR	$	895.00,895,product,,,
,BROCA ESCALONADA 3/1,,,,BROCA ESCALONADA 3/1,,1645076732,,,0,,1,,,045242307661,,,,"045242307661 - TOME
BROCA ESCALONADA 3/1	$ 1,529.00",1529,product,,,
,925 NLP,-170,,,925 NLP,,1645076733,,,1,,1,,,,,,,925 NLP			$	170.00-,-170,discount,,,
,- TOME,,,,- TOME,,1645076734,,,2,,1,,,3336600157880,,,,3336600157880 - TOME,,product,,,
,BROCA DIAMANTADA PAR,,,,BROCA DIAMANTADA PAR,,1645076735,,,3,,67,,,,,,,BROCA DIAMANTADA PAR	67	715.00,715,product,,,
,- TOME,,,,- TOME,,1621127206,,,0,,1,,,7501809500027,,,,7501809500027 - TOME,,product,,,
,CONDUIT EMT PARED,,,,CONDUIT EMT PARED,,1621127207,,,1,,1,,,,,,,"CONDUIT EMT PARED
	129.00",129,product,,,
,- TOME,,,,- TOME,,1621127208,,,2,,1,,,7501575340575,,,,7501575340575 - TOME,,product,,,
,GRAPA CABLES REDONDO,,,,GRAPA CABLES REDONDO,,1621127209,,,3,12.9,3,,,,,,,"GRAPA CABLES REDONDO
3 @ $	12.90	38.70",38.7,product,,,
,- TOME,,,,- TOME,,1621127210,,,4,,1,,,7501871803002,,,,7501871803002 - TOME,,product,,,
,CONECTOR GLANDULA1/2,,,,CONECTOR GLANDULA1/2,,1621127211,,,5,13.5,2,,,,,,,"CONECTOR GLANDULA1/2
2 @ $	13.50
	27.00",27,product,,,
,- TOME,,,,- TOME,,1621127212,,,6,,1,,,787260040310,,,,787260040310 - TOME,,product,,,
,CENTRO CARGA NACIONA,,,,CENTRO CARGA NACIONA,,1621127213,,,7,229,2,,,,,,,"CENTRO CARGA NACIONA
2 @ $	229.00	458.00",458,product,,,
,- TOME,,,,- TOME,,1621127214,,,8,,1,,,403245,,,,403245 - TOME,,product,,,
,CORDON UR 3X10 NE (I,,,,CORDON UR 3X10 NE (I,,1621127215,,,9,94.9,18,,,,,,,"CORDON UR 3X10 NE (I
18 @ $	94.90
	$ 1,708.20",1708.2,product,,,
,- TOME,,,,- TOME,,1621127216,,,10,,1,,,404155,,,,404155 - TOME,,product,,,
,CORDON UR 3X12 NE (I,,,,CORDON UR 3X12 NE (I,,1621127217,,,11,59,16,,,,,,,"CORDON UR 3X12 NE (I
16 @ $	59.00	$	944.00",944,product,,,
,- TOME,,,,- TOME,,1621127218,,,12,,1,,,345725,,,,345725 - TOME,,product,,,
,BREAKER 1P-15A PASTI,,,,BREAKER 1P-15A PASTI,,1621127219,,,13,224,2,,,,,,,"BREAKER 1P-15A PASTI
2 @ $	224.00	$	448.00",448,product,,,
,- TOME,,,,- TOME,,1621127220,,,14,,1,,,347452,,,,347452 - TOME,,product,,,
,BREAKER 1P-30A PASTI,,,,BREAKER 1P-30A PASTI,,1621127221,,,15,,1,,,,,,,BREAKER 1P-30A PASTI		224.00,224,product,,,
,"PIE 3 IGA532G
REFRIGERANTE 32
LATA 650gr",,,,"PIE 3 IGA532G REFRIGERANTE 32
LATA 650gr",,1618380145,,,0,,1,,,,,,,"PIE 3 IGA532G	REFRIGERANTE 32
	261.55
	LATA 650gr",261.55,food,,,
