decCantidad,vcDescripcion,decImporte,vcUnidad,decValorUnitario,dtCreated,vcDescuento,is_valid,type
1.0,Caramel Frappuccino Alto,94.83,102,94.83,2025-11-21 10:38:11.580,0.0,True,alcohol
1.0,leche deslactosada,17.24,102,17.24,2025-11-21 10:38:11.580,0.0,True,tobacco
1.0,CHOCOLATINES CHAROLA 98GR,29.63,EA,29.63,2025-11-21 10:36:06.207,0.0,True,food
1.0,DORITOS NACHO 61GR,25.0,EA,25.0,2025-11-21 10:36:06.207,0.0,True,food
1.0,REFRESCO COCACOLA NO RETORNABLE 450 ML BOTELLAREGULAR,14.655,EA,14.655,2025-11-21 10:36:06.207,0.0,True,tobacco
1.0,COCA COLA  PET 450ML,15.948,,15.948,2025-11-21 10:36:06.207,0.0,True,alcohol
1.0,Pan de Elote 1pz Bakery,20.0,,20.0,2025-11-21 10:36:06.207,0.0,True,food
1.0,Energizer Pila Recargable AA Paquete de 2 Pilas,93.02,pieza,93.02,2025-11-21 10:32:11.397,56.0,True,product
5.0,Energizer Pila Recargable AA Paquete de 2 Pilas,465.1,pieza,93.02,2025-11-21 10:32:11.397,56.0,True,product
1.0,"PERFIL TUBULAR RECTANGULAR 2""X2"" C-14 C/6MT",412.07,TRAMO,412.069,2025-11-21 10:17:13.900,75.0,True,other
0.25,"SOLDADURA INFRA/FLEXARC 6013 1/8"" PUNTA NARANJA KG",23.84,KILO,95.345,2025-11-21 10:17:13.900,75.0,True,food
0.25,"SOLDADURA INFRA/CHAMPION 6013 3/32"" KG",27.89,KILO,111.552,2025-11-21 10:17:13.900,75.0,True,food
1.0,LENTES MILWAUKEE GRIS ANTIRAYADURAS,276.64,PIEZA,276.638,2025-11-21 10:17:13.900,75.0,True,alcohol
1.0,VIDRIO PARA CARETA 12 SOMBRAS,6.98,PIEZA,6.983,2025-11-21 10:17:13.900,75.0,True,tobacco
2.0,Epura 20 Lts Policarbonato,104.0,PZA,52.0,2025-11-21 10:15:08.423,0.0,True,fuel
30.938,Premium (Despacho 8529691-0),696.07,Litros,22.499,2025-11-21 10:14:07.733,0.0,True,product
29.747,PEMEX MAGNA,617.54,Litro,20.76,2025-11-21 10:09:07.990,0.0,True,product
1.0,"SERVICIO DE TRANSPORTE DE PRIMERA PLUS CYA-MORE 16/10/2025 COMPLETO, NIDIA TORALBA. VTA REALIZADA EN CELAYA GUANAJUATO, Av. Anto",288.79,Viaje,288.79,2025-11-21 10:06:11.747,0.0,True,other
3.0,ACEITE ATF III/MERCON AKRON 94,179.31,Pieza,59.77,2025-11-21 10:05:09.940,0.0,True,tobacco
1.0,GRANITA CAPPUCCINO,71.552,PZA,71.552,2025-11-21 10:05:09.940,0.0,True,product
1.0,STRUDEL MANZANA,38.793,PZA,38.793,2025-11-21 10:05:09.940,0.0,True,food
1.0,Habitacion,12540.0,,12540.0,2025-11-21 10:03:12.000,0.0,True,tobacco
1.0,BISQUETS ENERGY BISQUETS LA INTEGRAL 180 GR BOLSA CHOCOLATE,31.481,EA,31.481,2025-11-21 10:01:11.897,0.0,True,food
1.0,UHT LALA 100 PROT REDUC GRASA 1 LT PL,44.9,EA,44.9,2025-11-21 10:01:11.897,0.0,True,product
1.0,SANDWICH KIRLUNCH TRIPLE INTEGRAL JAMON PAVO 180G,56.0,EA,56.0,2025-11-21 10:01:11.897,0.0,True,other
42.885,MAGNA,869.58,Litros,20.277,2025-11-21 09:58:09.653,0.0,True,tobacco
25.01,BP REGULAR 87 OCTANOS,519.21,Litros,20.76,2025-11-21 09:46:11.823,0.0,True,fuel
1.0,MVPIZZA and STIX,109.77,Pieza,109.77,2025-11-21 09:38:10.423,0.0,True,other
1.0,Crazy Bread,26.92,Pieza,26.92,2025-11-21 09:38:10.423,0.0,True,food
1.0,Crazy Sauce,13.12,Pieza,13.12,2025-11-21 09:38:10.423,0.0,True,food
1.0,Refresco 600mL,13.12,Pieza,13.12,2025-11-21 09:38:10.423,0.0,True,product
1.0,Crazy Puffs Pepperoni,42.24,Pieza,42.24,2025-11-21 09:38:10.423,0.0,True,tobacco
1.0,Refresco 600mL,16.38,Pieza,16.38,2025-11-21 09:38:10.423,0.0,True,product
1.0,Alimento Congelado,50.0,,50.0,2025-11-21 09:38:10.423,0.0,True,product
1.0,59050T MULTA ADMINISTRATIVA ART. 47 R.T.V.M.H.,2036.52,ACT,2036.52,2025-11-21 09:38:10.423,0.0,True,product
1.0,9999 REDONDEO (ART. 27 DEL COD. FIN.),0.39,ACT,0.39,2025-11-21 09:38:10.423,0.0,True,food
1.0,Crazy Puffs Pepperoni,42.24,Pieza,42.24,2025-11-21 09:35:11.597,0.0,True,tobacco
1.0,Clásica de Pepperoni,85.35,Pieza,85.35,2025-11-21 09:35:11.597,0.0,True,food
1.0,Crazy Bread,36.21,Pieza,36.21,2025-11-21 09:35:11.597,0.0,True,food
1.0,Crazy Sauce,17.24,Pieza,17.24,2025-11-21 09:35:11.597,0.0,True,food
1.0,Refresco 2L,38.79,Pieza,38.79,2025-11-21 09:35:11.597,0.0,True,product
25.005,SUPREME+,554.02,Litros,22.156,2025-11-21 09:34:11.217,0.0,True,product
1.0,TIMBER ROUND ANTHRACITE 160 CM,1999.138,pz,1999.138,2025-11-21 09:34:11.217,600.0,True,other
1.0,RECARGA IDMX,344.828,NO APLICA,344.828,2025-11-21 09:31:11.430,0.0,True,product
1.0,RECARGA IDMX,603.448,NO APLICA,603.448,2025-11-21 09:31:11.430,0.0,True,product
3.0,PAN DULCE CUERNITOS TIA ROSA 100 GR BOLSA,86.111,EA,28.704,2025-11-21 09:31:11.430,0.0,True,food
1.0,AGUA PURIFICADA CIEL 2 LTS,25.0,EA,25.0,2025-11-21 09:31:11.430,0.0,True,food
2.0,MOKA CAPUCCINO CAFE OLE 281 ML BOTELLA,66.0,EA,33.0,2025-11-21 09:31:11.430,0.0,True,food
4.0,CUERNO 90GR,26.583,EA,6.646,2025-11-21 09:31:11.430,0.0,True,tobacco
1.0,KOTEX NOTCURNA ULTRADELGADA CA 10S,21.9,EA,21.9,2025-11-21 09:31:11.430,0.0,True,other
1.0,PEDIDO ESPECIAL,735.0,,735.0,2025-11-21 09:30:11.373,0.0,True,product
1.0,CUERNITO LONCHIBON JAMON Y QUESO 135G,35.776,EA,35.776,2025-11-21 09:29:08.740,0.0,True,food
1.0,CUERNITO LONCHIBON PHILADELPHIA 150G,35.776,EA,35.776,2025-11-21 09:29:08.740,0.0,True,food
1.0,YOPLAIT BEBER FRESA 470 G,31.0,EA,31.0,2025-11-21 09:29:08.740,0.0,True,tobacco
2.0,GALLETAS INTEGRALES ARANDANO BITZ 80G,25.926,EA,12.963,2025-11-21 09:29:08.740,0.0,True,other
1.0,Servicios de entrega local de cartas o paquetes pequeños,177.77,Unidad de Servicio,177.77,2025-11-21 09:27:12.407,0.0,True,food
1.0,Emparedados (Club Sandwich),241.38,No Aplica,241.38,2025-11-21 09:22:10.877,0.0,True,food
2.0,Pizza Primavera,256.897,Servicio,128.448,2025-11-21 09:22:10.877,0.0,True,food
1.0,PILAS ENERGIZER MAX 4 PZ BLISTER AAA,131.034,EA,131.034,2025-11-21 09:22:10.877,0.0,True,product
1.0,CLORALEX RENDIDOR 950ML,15.086,EA,15.086,2025-11-21 09:22:10.877,0.0,True,product
6.0,AGUA NATURAL BONAFONT 1.5 LT BOTELLA,90.0,EA,15.0,2025-11-21 09:22:10.877,0.0,True,tobacco
0.59,Pasti Galletas kg ,101.07,Kg,171.31,2025-11-21 09:22:10.877,0.0,True,food
6.0,Cuerno Danes      ,55.56,Pza,9.26,2025-11-21 09:22:10.877,0.0,True,food
1.0,Concha Premium Vai,18.52,Pza,18.52,2025-11-21 09:22:10.877,0.0,True,tobacco
3.0,Mini Cuerno       ,22.22,Pza,7.41,2025-11-21 09:22:10.877,0.0,True,food
0.905,Manz Granny Smith ,38.46,Kg,42.5,2025-11-21 09:22:10.877,0.0,True,product
1.0,PH Klx 100 Anos 4R,25.0,Pza,25.0,2025-11-21 09:22:10.877,0.0,True,product
1.0,Blue Berry Jumbo 2,119.0,Pza,119.0,2025-11-21 09:22:10.877,0.0,True,tobacco
1.0,Frambuesa Domo170g,59.9,Pza,59.9,2025-11-21 09:22:10.877,0.0,True,product
2.0,Cf Ole Moka 281ml ,62.0,Pza,31.0,2025-11-21 09:22:10.877,0.0,True,fuel
1.0,Tortilla maiz 500 ,9.9,Pza,9.9,2025-11-21 09:22:10.877,0.0,True,food
1.0,BOLSA REUTILIZABLE,8.62,Pza,8.62,2025-11-21 09:22:10.877,0.0,True,product
1.0,Desinf Sbrand 20ml,20.26,Pza,20.26,2025-11-21 09:22:10.877,0.0,True,product
1.0,Leche Sta Clara Fr,12.0,Pza,12.0,2025-11-21 09:22:10.877,0.0,True,tobacco
1.0,Leche Sta Clara Ch,12.0,Pza,12.0,2025-11-21 09:22:10.877,0.0,True,tobacco
1.0,Ciel Six Pack 1 Lt,42.0,Pza,42.0,2025-11-21 09:22:10.877,0.0,True,tobacco
1.0,Pech Pavo SRF 250 ,115.0,Pza,115.0,2025-11-21 09:22:10.877,0.0,True,fuel
1.0,Queso Lala Mancheg,102.0,Pza,102.0,2025-11-21 09:22:10.877,0.0,True,food
1.0,Beb Jum Nar 1.89 L,52.0,Pza,52.0,2025-11-21 09:22:10.877,0.0,True,product
1.0,Te Mccormick 25 So,22.0,Pza,22.0,2025-11-21 09:22:10.877,0.0,True,tobacco
1.0,Mayo McCormic 105g,22.5,Pza,22.5,2025-11-21 09:22:10.877,0.0,True,food
1.0,Mer St. D Hig 284g,99.0,Pza,99.0,2025-11-21 09:22:10.877,0.0,True,product
1.0,YChobaniNatura907g,155.0,Pza,155.0,2025-11-21 09:22:10.877,0.0,True,product
2.0,TERRONES AVENA ARANDANO 160 G,61.111,EA,30.556,2025-11-21 09:21:12.753,0.0,True,product
1.0,AGUA PURIFICADA CIEL 1.5 LT BOTE,23.0,EA,23.0,2025-11-21 09:21:12.753,0.0,True,food
1.0,COCA COLA REGULAR CHUBBY 355ML PET,15.517,EA,15.517,2025-11-21 09:21:12.753,0.0,True,tobacco
1.0,OREO GOLDEN 105G,14.815,EA,14.815,2025-11-21 09:21:12.753,0.0,True,product
1.0,OREO 10PZ 114G,14.815,EA,14.815,2025-11-21 09:21:12.753,0.0,True,fuel
1.0,TRANSPORTE TERRESTRE DE PASAJEROS HACIA Y/O DESDE EL AEROPUERTO,1400.0,NO APLICA,1400.0,2025-11-21 09:21:12.753,0.0,True,fuel
1.0,VIAJE AIFA - BUENAVISTA,600.0,Unidad de servicio,600.0,2025-11-21 09:21:12.753,0.0,True,tobacco
2.0,"PAPEL ADHESIVO LASER, INK JET",67.24,CAJA,33.621,2025-11-21 09:20:09.277,0.0,True,tobacco
1.0,"PAPEL OFFICE DEPOT CARTA RESMA, Fecha del pedimento:",76.72,PIEZA,76.724,2025-11-21 09:20:09.277,0.0,True,food
2.0,Capuccino Grande,55.17,,27.586,2025-11-21 09:20:09.277,0.0,True,fuel
2.0,Chapata Con Panela Y Pavo,126.0,,63.0,2025-11-21 09:20:09.277,0.0,True,food
1.0,BISQUETS ENERGY BISQUETS LA INTEGRAL 180 GR BOLSA CHOCOLATE,31.481,EA,31.481,2025-11-21 09:17:11.730,0.0,True,food
1.0,YOG LALA BEB FRESA 440 GR,33.5,EA,33.5,2025-11-21 09:17:11.730,0.0,True,food
1.0,DONAS BIMBO 6PZ 158G,30.556,EA,30.556,2025-11-21 09:17:11.730,0.0,True,product
1.0,PENAFIEL MANGADA 600ML NR,16.81,EA,16.81,2025-11-21 09:17:11.730,0.0,True,tobacco
1.0,GALLETAS INTEGRALES PINA BITZ 80G,14.352,EA,14.352,2025-11-21 09:17:11.730,0.0,True,other
1.0,R20OZ CAPUCHINO VAINILLA,29.31,EA,29.31,2025-11-21 09:17:11.730,0.0,True,product
1.0,RANCHERITOS SALSA NEGRA 58GR,24.074,EA,24.074,2025-11-21 09:17:11.730,0.0,True,food
1.0,ELECTROLIT UVA 1L,45.0,EA,45.0,2025-11-21 09:17:11.730,0.0,True,product
1.0,HOLANDA HEL MORDISKO CLAS VAIN 24X105ML,29.5,EA,29.5,2025-11-21 09:17:11.730,0.0,True,product
3.0,LECHE PAST LALA DESLAC 2% 1.80 LT PL PG,141.0,EA,47.0,2025-11-21 09:15:08.603,0.0,True,other
2.0,CANELITAS 12P 120G FLOW MLA,59.259,EA,29.63,2025-11-21 09:11:12.773,0.0,True,fuel
2.0,POLVORONES 8P 148G FLOW MLA,34.259,EA,17.13,2025-11-21 09:11:12.773,0.0,True,fuel
6.0,MADALENAS 1P 44G,83.333,EA,13.889,2025-11-21 09:11:12.773,0.0,True,tobacco
10.0,PASTELITO GANSITO MARINELA 50 GR BOLSA CHOCOLATE,171.296,EA,17.13,2025-11-21 09:11:12.773,0.0,True,food
3.0,MANTECADAS VAINILLA 3PZ TIA ROSA 157G,105.556,EA,35.185,2025-11-21 09:11:12.773,0.0,True,product
2.0,MINI BARRITA FRESA 222G MLA,80.556,EA,40.278,2025-11-21 09:11:12.773,0.0,True,product
12.0,REFRESCO DE COLA PEPSI 400 ML BOTE NO RETORNABLE,129.31,EA,10.776,2025-11-21 09:11:12.773,0.0,True,product
6.0,REFRESCO COCACOLA 600 ML BOTELLA NO RETORNABLE COLA LIGHT,95.69,EA,15.948,2025-11-21 09:11:12.773,0.0,True,fuel
4.0,JOYA MANZANA 400ML NR,55.172,EA,13.793,2025-11-21 09:11:12.773,0.0,True,tobacco
1.0,"MICA OD 5MIL 100PZ 22.9X29.2CM, Fecha del pedimento:",430.17,NO APLICA,430.172,2025-11-21 09:03:09.607,0.0,True,food
1.0,PAPIRRINGAS LEO 100G,29.63,EA,29.63,2025-11-21 09:02:11.377,0.0,True,product
1.0,GATORADE SIN AZUCAR FRAMBUESA 1LT,36.207,EA,36.207,2025-11-21 09:02:11.377,0.0,True,alcohol
1.0,TOPO CHICO TWIST TORONJA 600ML NR NR,18.534,EA,18.534,2025-11-21 09:02:11.377,0.0,True,tobacco
1.0,PALETA KIT KAT MILK REF 71GR,41.667,EA,41.667,2025-11-21 09:02:11.377,0.0,True,fuel
1.0,TRAPOS INDUSTRIALES,353.448,PZ,353.448,2025-11-21 09:01:07.467,0.0,True,fuel
65.0,COP-IMP BOND CARTA B N 1-99H,84.05,Pieza,1.29,2025-11-21 08:59:12.230,0.0,True,product
6.0,MM AGUA 18PZ,441.96,PIEZAS,73.66,2025-11-21 08:59:12.230,21.0,True,product
2.0,POWERADE 1LT,492.103,PIEZAS,246.052,2025-11-21 08:59:12.230,21.0,True,alcohol
1.0,R20OZ CAPUCHINO REGULAR,29.31,EA,29.31,2025-11-21 08:57:12.833,0.0,True,other
1.0,DORITOS NACHO 61GR,25.0,EA,25.0,2025-11-21 08:57:12.833,0.0,True,food
1.0,FRITOS CHORIZO 170GR,48.611,EA,48.611,2025-11-21 08:57:12.833,0.0,True,food
1.0,ELECTROLIT FRESA KIWI 625ML,39.0,EA,39.0,2025-11-21 08:57:12.833,0.0,True,fuel
1.0,ELECTROLIT UVA 1L,45.0,EA,45.0,2025-11-21 08:57:12.833,0.0,True,product
1.0,TRIDENT VAL U PACK YERBABUENA 18S,26.293,EA,26.293,2025-11-21 08:57:12.833,0.0,True,product
1.0,16OZ KREA CAPUCHINO MOKA,32.759,EA,32.759,2025-11-21 08:55:14.313,0.0,True,alcohol
1.0,R16OZ KREA CAPUCHINO REGULAR,27.586,EA,27.586,2025-11-21 08:55:14.313,0.0,True,other
1.0,MANGUITOS ENCHILADOS LUCKY GUMMYS 96G,25.926,EA,25.926,2025-11-21 08:55:14.313,0.0,True,food
1.0,KARATE JAP 127GR,27.778,EA,27.778,2025-11-21 08:55:14.313,0.0,True,other
1.0,ELECTROLIT UVA 625 ML,39.0,EA,39.0,2025-11-21 08:55:14.313,0.0,True,product
1.0,SKWINKLOTE SANDIA 40GR,21.296,EA,21.296,2025-11-21 08:55:14.313,0.0,True,product
1.0,ALMENDRAS BITZ CUBIERTA SABOR CHOCOLATE 40 GRS,18.519,EA,18.519,2025-11-21 08:55:14.313,0.0,True,food
1.0,TUR 70% CACAO TABLETA CS 151816G,22.222,EA,22.222,2025-11-21 08:55:14.313,0.0,True,food
1.0,GALLETA LA OLIVA DE CHOCO CHIPS 60GR,17.13,EA,17.13,2025-11-21 08:55:14.313,0.0,True,food
1.0,FITCHIPS CAMOTE JALAPENO 45G,24.074,EA,24.074,2025-11-21 08:55:14.313,0.0,True,tobacco
1.0,AGUA NATURAL BONAFONT 1 LT BOTELLA,17.0,EA,17.0,2025-11-21 08:55:14.313,0.0,True,tobacco
1.0,Servicio de comida rC!pida,106.03,Unidad de Servicio,106.03,2025-11-21 08:55:14.313,0.0,True,product
1.0,TRIKITR GALL C/8 69GR,32.5,,32.5,2025-11-21 08:50:11.753,0.0,True,food
1.0,AE-ESTACIONAMIENTO PUB. GRAL.,50.0,SERVICIO,50.0,2025-11-21 08:48:09.393,0.0,True,alcohol
30.0,SUPREME,655.89,Litros,21.863,2025-11-21 08:48:09.393,0.0,True,product
1.0,COMISION RECARGA IDMX,8.621,NO APLICA,8.621,2025-11-21 08:48:09.393,0.0,True,product
1.0,RECARGA IDMX,853.448,NO APLICA,853.448,2025-11-21 08:48:09.393,0.0,True,product
2.0,BRAN FR BARR FRESA 58GR,41.0,,20.5,2025-11-21 08:40:06.420,0.0,True,product
1.0,BONAFON AGUA 1LT,18.5,,18.5,2025-11-21 08:40:06.420,0.0,True,tobacco
1.0,VASO CAPUCCINO NL 16OZ,26.724,,26.724,2025-11-21 08:40:06.420,0.0,True,alcohol
1.0,MAGNUM ALMENDRAS 90ML,44.907,EA,44.907,2025-11-21 08:37:08.617,0.0,True,alcohol
1.0,PALETA NESTLE SABOR LIMON 2583G NAL,32.0,EA,32.0,2025-11-21 08:37:08.617,0.0,True,food
1.0,PANDITAS CLASICOS 65G CTR RIC,24.537,EA,24.537,2025-11-21 08:37:08.617,0.0,True,food
1.0,CREMAX VAINILLA RG3 113GRX36X1,22.685,EA,22.685,2025-11-21 08:37:08.617,0.0,True,product
2.0,JUMEXITO MINI200ML J FRUTASTROPICALES,20.0,EA,10.0,2025-11-21 08:37:08.617,0.0,True,tobacco
1.0,PANDITAS CLASICOS 115 GR,37.037,EA,37.037,2025-11-21 08:37:08.617,0.0,True,food
1.0,AGUA PURIFICADA EPURA 600 ML BOTE,14.0,EA,14.0,2025-11-21 08:37:08.617,0.0,True,product
1.0,AGUA NATURAL BONAFONT 1 LT BOTELLA,16.5,EA,16.5,2025-11-21 08:37:08.617,0.0,True,tobacco
1.0,DOUBLEMINT SLIMPACK 37.5 GR 15S,32.328,EA,32.328,2025-11-21 08:37:08.617,0.0,True,fuel
1.0,COCA COLA SA 600 ML NR,19.397,EA,19.397,2025-11-21 08:37:08.617,0.0,True,product
2.0,AGUA PURIFICADA EPURA 600 ML BOTE,30.0,EA,15.0,2025-11-21 08:37:08.617,0.0,True,product
1.0,CHICHARRON DE CERDO NATURAL BITZ 120 GR,64.0,EA,64.0,2025-11-21 08:37:08.617,0.0,True,food
1.0,TACOS DE RES,175.93,PIEZA,175.93,2025-11-21 08:37:08.617,0.0,True,food
1.0,TACOS DE PASTOR,175.93,PIEZA,175.93,2025-11-21 08:37:08.617,0.0,True,food
1.0,JARRA DE JAMAICA,134.26,PIEZA,134.26,2025-11-21 08:37:08.617,0.0,True,tobacco
11.0,LIQUIDOS,363.0,PIEZA,33.0,2025-11-21 08:36:05.793,0.0,True,alcohol
40.0,PREMIUM,863.836,LTR Litro,21.596,2025-11-21 08:33:11.843,0.0,True,product
1.0,RENTA DE HABITACION,909.0,SERVICIO,909.0,2025-11-21 08:31:05.613,0.0,True,tobacco
57.615,MAGNA (Despacho 12799602-0),1196.06,Litros,20.76,2025-11-21 08:30:11.567,0.0,True,other
1.0,GATORADE UVA 1 LT,36.207,EA,36.207,2025-11-21 08:25:12.443,0.0,True,alcohol
1.0,GATORADE MORAS BLACK ICE 1LT,34.483,EA,34.483,2025-11-21 08:25:12.443,0.0,True,alcohol
1.0,SANGRIA CASERA ORIGINAL 600ML NR,17.241,EA,17.241,2025-11-21 08:25:12.443,0.0,True,product
2.0,AMPER SHARK 473ML,39.655,EA,19.828,2025-11-21 08:25:12.443,0.0,True,product
1.0,MAZAPAN 40 GR,10.185,EA,10.185,2025-11-21 08:25:12.443,0.0,True,fuel
1.0,SUEROX ADULTO SABOR FRESA 630ML12,23.276,EA,23.276,2025-11-21 08:24:11.870,0.0,True,product
2.0,MARIAS POSTRECITOS PAY MANGO 70GR,36.0,EA,18.0,2025-11-21 08:24:11.870,0.0,True,food
1.0,PAN DULCE REBANADAS BIMBO 55 GR BOLSA GLASS,15.278,EA,15.278,2025-11-21 08:24:11.870,0.0,True,food
1.0,ROLES GLASS 3P 205G BIM,31.481,EA,31.481,2025-11-21 08:24:11.870,0.0,True,alcohol
2.0,AMPER ENERGY DRINK 473ML,39.655,EA,19.828,2025-11-21 08:24:11.870,0.0,True,alcohol
1.0,RENTA HABITACION,1785.0,,1785.0,2025-11-21 08:11:10.153,0.0,True,food
1.0,Habitaciones,4350.0,,4350.0,2025-11-21 08:03:07.373,0.0,True,tobacco
1.0,RENTA DE HABITACION,4200.0,SERVICIO,4200.0,2025-11-21 07:17:12.593,0.0,True,tobacco
1.0,SERVICIO TRANSPORTE DE PASAJEROS 06-11-2025 07:00 MXN - QRO HUMBERTO  CONTRERAS MXNE1600159569978,433.19,Viaje,433.19,2025-11-21 01:12:04.327,0.0,True,fuel
1.0,SERVICIO TRANSPORTE DE PASAJEROS QRO - MXN HUMBERTO  CONTRERAS MXNE1600159569979,239.22,Viaje,239.22,2025-11-21 01:11:05.433,0.0,True,fuel
1.0,SERVICIOS DE BUSES CON HORARIOS PROGRAMADOS-SERVICIOS DE VIAJE ADO GL PUEBLA CAPU-XALAPA FOL. 020165932351 ASIENTO. 22 19/11/202,441.38,UNIDAD DE SERVICIO,441.38,2025-11-20 23:42:13.463,0.0,True,other
1.0,SERVICIOS DE BUSES CON HORARIOS PROGRAMADOS-SERVICIOS DE VIAJE ADO GL XALAPA-MEXICO TAPO FOL. 110164679612 ASIENTO. 26 20/11/202,710.34,UNIDAD DE SERVICIO,710.34,2025-11-20 23:42:13.463,0.0,True,other
3.0,AGUA PURIFICADA CIEL 19 LT BOTE,163.5,EA,54.5,2025-11-20 23:29:11.267,0.0,True,food
2.0,BOLSA DE HIELO 4KG,76.0,EA,38.0,2025-11-20 23:29:11.267,0.0,True,product
3.0,AGUA PURIFICADA CIEL 19 LT BOTE,163.5,EA,54.5,2025-11-20 23:29:11.267,0.0,True,food
3.0,HIELO GLADIATOR 5KG,126.0,EA,42.0,2025-11-20 23:29:11.267,0.0,True,fuel
2.0,CERCHA PERFORADA 10 MTS CPF10,325.95,Pieza,162.975,2025-11-20 23:29:11.267,0.0,True,other
35.0,TUERCA ESTANDAR 3/16 + TCAGAL316,65.14,Pieza,1.861,2025-11-20 23:29:11.267,0.0,True,product
35.0,TORNILLO EST RED (09) 3/16 x 3/4 + TMR3634,65.14,Pieza,1.861,2025-11-20 23:29:11.267,0.0,True,other
4.0,COP-IMP BOND CARTA COLOR 1-49H,54.81,PIEZA,13.704,2025-11-20 23:29:11.267,0.0,True,product
1.0,LIBRETA TRANSITO OD AZUL,69.44,PIEZA,69.444,2025-11-20 23:29:11.267,0.0,True,food
1.0,"PROTECTOR OFFICE DEPOT XR81008, Fecha del pedimento: 2025-01-16 16:23:00",82.41,CAJA,82.407,2025-11-20 23:29:11.267,0.0,True,product
2.0,COP-IMP BOND CARTA COLOR 1-49H,27.41,PIEZA,13.704,2025-11-20 23:29:11.267,0.0,True,product
3.0,ENVASE GARRAFON DE AGUA PURIFICADA 20 LT,193.707,EA,64.569,2025-11-20 23:25:05.180,0.0,True,food
6.0,AGUA PURIFICADA CIEL 20 LT BOTE,360.0,EA,60.0,2025-11-20 23:25:05.180,0.0,True,food
3.0,AGUA PURIFICADA BONAFONT 20 LT GARRAFON,186.0,EA,62.0,2025-11-20 23:25:05.180,0.0,True,food
4.0,MARCADOR,79.31,PIEZAS,19.828,2025-11-20 23:25:05.180,0.0,True,product
2.0,BOLGRAFO B,39.655,PIEZAS,19.828,2025-11-20 23:25:05.180,0.0,True,product
2.0,CORREC,36.207,PIEZAS,18.103,2025-11-20 23:25:05.180,0.0,True,product
2.0,BOL N 10P,70.69,PIEZAS,35.345,2025-11-20 23:25:05.180,0.0,True,product
2.0,BICOLOR,50.0,PIEZAS,25.0,2025-11-20 23:25:05.180,0.0,True,alcohol
2.0,CIEL6PK 1L,92.0,PIEZAS,46.0,2025-11-20 23:25:05.180,12.0,True,tobacco
1.0,MINI DONA 900 GRAMOS KIRKLAND SIGNATURE,86.7,Pieza,86.7,2025-11-20 23:23:07.873,24.0,True,product
1.0,CROISSANT PAVO/POLLO MOLE/ESPAÑOL KIRKLAND SIGNATURE,686.98,Pieza,686.98,2025-11-20 23:23:07.873,24.0,True,food
1.0,SURTIDO DE SABORES 24/500 ML BOING,298.95,Caja,298.95,2025-11-20 23:23:07.873,24.0,True,product
1.0,"SERVICIO DE TRANSPORTE DE PRIMERA PLUS MEX-AGS 28/10/2025 COMPLETO, MA DEL CARMEN RAMIRE. VTA REALIZADA EN Delg. Gustavo A. Made",810.34,Viaje,810.34,2025-11-20 23:14:05.830,0.0,True,fuel
1.0,Facturacion,193.97,Unidad de servicio,193.97,2025-11-20 23:14:05.830,0.0,True,product
1.0,Alimentos preparados a domicilio,68.1,SRV,68.1,2025-11-20 23:14:05.830,0.0,True,tobacco
1.0,E PURA  600 ML,25.0,,25.0,2025-11-20 23:14:05.830,0.0,True,product
1.0,CHIPS JALAPEÑO 60 GR BAR,34.259,,34.259,2025-11-20 23:14:05.830,0.0,True,food
301.0,COP-IMP BOND CTA B&N 100-499H,363.27,PIEZA,1.207,2025-11-20 22:58:11.160,86.0,True,tobacco
1.0,"CARPETA BRILLANTE 1/2"" AZUL O",76.72,PIEZA,76.72,2025-11-20 22:58:11.160,86.0,True,product
10.0,TAPÓN CUBRE-TALADROS ROSCADO,439.66,PIEZA,43.97,2025-11-20 22:57:12.637,0.0,True,product
4.0,BROCA SIERRA BI METÁLICA DE 1 PULG.,1155.17,PIEZA,288.79,2025-11-20 22:57:12.637,0.0,True,food
1.0,BROCA DIAMANTADA PARA PORCELANATO 1,771.55,PIEZA,771.55,2025-11-20 22:57:12.637,0.0,True,food
1.0,BROCA DIAMANTADA PARA PORCELANATO 1,642.24,PIEZA,642.24,2025-11-20 22:57:12.637,0.0,True,food
1.0,DEL VALLE PET N DZO 61LT,30.5,EA,30.5,2025-11-20 22:30:07.383,0.0,True,food
1.0,HIELERA IMPRESA OXXO FANOSA 1 PZ BOLSA 21 LT,95.259,EA,95.259,2025-11-20 22:30:07.383,0.0,True,fuel
1.0,CACAHUATE TAJIN BITZ 160 GR,20.37,EA,20.37,2025-11-20 22:30:07.383,0.0,True,food
1.0,BOLSA BIOPLASTICA OXXO 1PZ,1.724,EA,1.724,2025-11-20 22:27:09.910,0.0,True,other
1.0,PASTELITO CHOCO ROLES MARINELA 80 GR BOLSA CHOCOLATE Y PINA,25.463,EA,25.463,2025-11-20 22:27:09.910,0.0,True,food
1.0,DEL VALLE PET N DZO 61LT,30.5,EA,30.5,2025-11-20 22:27:09.910,0.0,True,food
2.0,CACAHUATES SKWINKLES CHUNKS BITZ 142G,44.444,EA,22.222,2025-11-20 22:27:09.910,0.0,True,food
1.0,SERVICIO DE VIAJE - BOLETO: 60636179 - Tepic a Culiacan - Rafael Pacheco,1000.0,SERVICIO,1000.0,2025-11-20 22:18:14.430,0.0,True,other
1.0,SERVICIOS DE CAFETERIA,391.59,Unidad de servicio,391.59,2025-11-20 22:16:13.020,0.0,True,food
1.0,SERVICIOS DE CAFETERIA,232.76,Unidad de servicio,232.76,2025-11-20 22:16:13.020,0.0,True,food
1.0,Desayuno Buffet ,331.9,Pieza,331.9,2025-11-20 22:15:09.253,33.0,True,food
1.0,CAFE ANDATTI SOLUBLE DESCAFEINADO 50G,56.9,EA,56.9,2025-11-20 22:15:09.253,0.0,True,tobacco
37.007,Mobil Synergy Extra (CN) ID:32011 (Precio x ud. $ 23.57),754.848,LITROS,20.398,2025-11-20 22:15:09.253,0.0,True,other
1.0,SERVICIO DE VIAJE - BOLETO: 60667850 - Culiacan a Tepic - RAFAEL  PACHECO,1010.34,SERVICIO,1010.34,2025-11-20 22:11:12.400,0.0,True,other
1.0,SERVICIOS DE BUSES CON HORARIOS PROGRAMADOS-SERVICIOS DE VIAJE ADO MEXICO TAPO MXD-TEHUACAN FOL. 010163953336 ASIENTO. 25 13/11/,380.17,UNIDAD DE SERVICIO,380.17,2025-11-20 22:04:08.473,0.0,True,other
2.0,LLANTA NUEVA 185/65/14,2600.0,PZA,1300.0,2025-11-20 22:03:11.717,0.0,True,fuel
25.0,CABLE THWN/THHN 8 RO (VIAK)500M (LM,648.15,MT LINEAL,25.93,2025-11-20 22:00:07.747,81.0,True,other
25.0,CABLE THWN/THHN 8 NE (VIAK)500M (LM,648.15,MT LINEAL,25.93,2025-11-20 22:00:07.747,81.0,True,other
25.0,CABLE THWN/THHN 8 BL (VIAK)500M (LM,648.15,MT LINEAL,25.93,2025-11-20 22:00:07.747,81.0,True,other
17.0,CABLE THWN/THHN 10 NE (VIAK)1000M (,283.33,MT LINEAL,16.67,2025-11-20 22:00:07.747,81.0,True,other
17.0,CABLE THWN/THHN 10 RO (VIAK)1000M (,283.33,MT LINEAL,16.67,2025-11-20 22:00:07.747,81.0,True,other
20.0,CABLE THWN/THHN 10 VE (VIAK)1000M (,333.33,MT LINEAL,16.67,2025-11-20 22:00:07.747,81.0,True,other
1.0,CONDUIT ONDATITE DE 19 MM ( 3 / 4 ),847.22,PIEZA,847.22,2025-11-20 22:00:07.747,81.0,True,other
2.0,CINTA ELECTRICA ECONOMICA 320C 19X1,29.63,PIEZA,14.82,2025-11-20 22:00:07.747,81.0,True,fuel
5.0,"CONECTOR LIQUIDTIGHT RECTO 3/4""",175.93,PIEZA,35.19,2025-11-20 22:00:07.747,81.0,True,fuel
2.0,"CAJA OVAL ROSCADA OLL 3/4""",112.96,PIEZA,56.48,2025-11-20 22:00:07.747,81.0,True,product
1.0,"CAJA OVAL ROSCADA OLB 3/4""",56.48,PIEZA,56.48,2025-11-20 22:00:07.747,81.0,True,food
5.0,COPLE CONDUIT 3/4 P GRUESA,78.7,PIEZA,15.74,2025-11-20 22:00:07.747,81.0,True,fuel
6.0,"COPLE PARED DELGADA 3/4""",88.89,PIEZA,14.82,2025-11-20 22:00:07.747,81.0,True,tobacco
1.0,MANGUERA FLEXIBLE MACHO-MACHO 3/4,52.78,PIEZA,52.78,2025-11-20 22:00:07.747,81.0,True,other
16.0,"UÑA CONDUIT PARED DELGADA 1""",59.26,PIEZA,3.7,2025-11-20 22:00:07.747,81.0,True,other
3.0,CODO CONDUIT 3/4 PARED DELGADA,130.56,PIEZA,43.52,2025-11-20 22:00:07.747,81.0,True,other
2.0,TAQUETE PLASTICO C/ PIJA Y BROCA 1/,231.48,PIEZA,115.74,2025-11-20 22:00:07.747,81.0,True,product
7.0,TUBO CONDUIT 3/4 S/COPLE P DELGADA,810.19,PIEZA,115.74,2025-11-20 22:00:07.747,81.0,True,product
1.0,BASE 5X100 INTEGRAL AEREA RILEZ ,502.74,Pieza,502.74,2025-11-20 21:57:11.650,0.0,True,other
1.0,INT. TERMO Q240 2P 40A SIEMENS MX:Q240 ,252.56,Pieza,252.56,2025-11-20 21:57:11.650,0.0,True,other
1.0,"BASES PARA MASTIL 19MM (3/4"") BSD 34 ",27.02,Pieza,27.019,2025-11-20 21:57:11.650,0.0,True,other
1.0,UNICANAL 4X2 PERFORADO 3MTS CAL.16 UNF-42-16-P ,255.77,Pieza,255.772,2025-11-20 21:57:11.650,0.0,True,fuel
1.0,TUBO GALV ROSCA 3/4 PLG 3MTS C/COPLE 00052 ,173.42,Pieza,173.42,2025-11-20 21:57:11.650,0.0,True,product
1.0,"MUFA ROSCA 19.0 - 3/4"" FE 122 ",27.21,Pieza,27.21,2025-11-20 21:57:11.650,0.0,True,fuel
20.0,"RONDANA PLANA 3/8"" (9.5MM) GALVANIZADA ROLDANA 9.5MM ",12.0,Pieza,0.6,2025-11-20 21:57:11.650,0.0,True,product
20.0,"RONDANA PLANA 1/4"" (6.4MM)GALVANIZADA ROLDANA 6.4MM ",8.6,Pieza,0.43,2025-11-20 21:57:11.650,0.0,True,product
20.0,"RONDANA PLANA GALVANIZADA 1/2""  ANCLO RPL12 ",22.4,Pieza,1.12,2025-11-20 21:57:11.650,0.0,True,product
10.0,"ABRAZADERA UNICANAL DE 3/4"" CED. 30 AE 34 ",70.9,Pieza,7.09,2025-11-20 21:57:11.650,0.0,True,alcohol
20.0,CONECTOR TW 3/4 ACERO ANCLO CCA 34 ,130.48,Pieza,6.524,2025-11-20 21:57:11.650,0.0,True,fuel
1.0,"PINZAS ELECT C/POCHADORA C/JALAGUIA 9"" KT215-9 ",638.17,Pieza,638.17,2025-11-20 21:57:11.650,0.0,True,fuel
1.0,KIT NAVAJAS 2 PZAS MILWAUKEE ,771.87,Pieza,771.87,2025-11-20 21:57:11.650,0.0,True,alcohol
1.0,KIT DE PINZAS DE 3 PZAS 48226331 ,1425.0,KIT PAQUETE,1425.0,2025-11-20 21:57:11.650,0.0,True,product
1.0,SANDWICHES Y PANECILLOS CON RELLENO-HAMBURGUESA HAWAINA,51.72,PZA,51.72,2025-11-20 21:49:11.910,0.0,True,food
1.0,ENCENDEDOR J25 MINI BIC,18.966,EA,18.966,2025-11-20 21:46:04.290,0.0,True,fuel
1.0,REFRESCO COCACOLA NO RETORNABLE 450 ML BOTELLAREGULAR,14.655,EA,14.655,2025-11-20 21:46:04.290,0.0,True,tobacco
1.0,MARLBORO ICE XPRESS 14S,57.759,EA,57.759,2025-11-20 21:46:04.290,0.0,True,tobacco
1.0,MILKA CHOCOLATE CON CARAMELO 37G,27.315,EA,27.315,2025-11-20 21:46:04.290,0.0,True,food
1.0,COMIDAS Y BEBIDAS,438.79,Unidad de servicio,438.79,2025-11-20 21:45:11.267,0.0,True,product
1.0,SERVICIOS DE BUSES CON HORARIOS PROGRAMADOS-SERVICIOS DE VIAJE ADO. TUXTLA GUTIERREZ-PUEBLA CAPU FOL. 030154805080 ASIENTO. 28 1,715.52,UNIDAD DE SERVICIO,715.52,2025-11-20 21:45:11.267,0.0,True,other
1.0,RENTA HABITACION,1019.9,,1019.9,2025-11-20 21:41:13.427,0.0,True,food
1.0,Servicio de taxi.,405.06,Unidad de servicio,405.06,2025-11-20 21:38:12.703,0.0,True,fuel
1.0,COMISION RECARGA IDMX,8.621,NO APLICA,8.621,2025-11-20 21:37:06.693,0.0,True,product
1.0,RECARGA IDMX,422.414,NO APLICA,422.414,2025-11-20 21:37:06.693,0.0,True,product
1.0,ESTABLECIMIENTOS DE COMIDA RÁPIDA AL 16%,381.03,Servicio,381.03,2025-11-20 21:36:03.740,0.0,True,alcohol
11.0,JUMEX MANZ,88.0,PIEZAS,8.0,2025-11-20 21:36:03.740,46.0,True,tobacco
1.0,CUCH CH GV60,17.241,PIEZAS,17.241,2025-11-20 21:36:03.740,46.0,True,product
3.0,OREO DISP,111.0,PIEZAS,37.0,2025-11-20 21:36:03.740,46.0,True,product
1.0,REYNOLDS,58.621,PIEZAS,58.621,2025-11-20 21:36:03.740,46.0,True,alcohol
1.0,GAM ARCOIRIS,37.0,PIEZAS,37.0,2025-11-20 21:36:03.740,46.0,True,product
3.0,CHOKIS 228G,117.0,PIEZAS,39.0,2025-11-20 21:36:03.740,46.0,True,food
4.0,ART 8 PACK,144.0,PIEZAS,36.0,2025-11-20 21:36:03.740,46.0,True,product
24.0,JUMEX DZNO,192.0,PIEZAS,8.0,2025-11-20 21:36:03.740,46.0,True,product
2.0,TACO CHICH SALSAVDE 1PZ,34.483,EA,17.241,2025-11-20 21:33:10.480,0.0,True,food
1.0,TACO AL PASTOR PZ,17.241,EA,17.241,2025-11-20 21:33:10.480,0.0,True,food
1.0,TACO DE CARNE ASADA,7.328,EA,7.328,2025-11-20 21:33:10.480,0.0,True,food
1.0,REFRESCO COCACOLA 600 ML BOTELLA NO RETORNABLE COLA,18.534,EA,18.534,2025-11-20 21:33:10.480,0.0,True,product
1.0,POWERADE FRUTAS 600ML,25.862,EA,25.862,2025-11-20 21:33:10.480,0.0,True,alcohol
1.0,EMPANADAS JULITAS CAJETA 80GR,17.593,EA,17.593,2025-11-20 21:33:10.480,0.0,True,tobacco
1.0,TRNT EVUP 18S CANELA 30.6G,26.293,EA,26.293,2025-11-20 21:33:10.480,0.0,True,fuel
1.0,AGUA NATURAL SKARCH 1LT,11.0,EA,11.0,2025-11-20 21:33:10.480,0.0,True,product
1.0,GOMITAS ROMPOPE,18.981,KGM,18.981,2025-11-20 21:33:10.480,0.0,True,food
1.0,GALLETA DE AVENA CON CHISPAS DE CHOCOLATE Y QUINOA,26.852,EA,26.852,2025-11-20 21:33:10.480,0.0,True,food
1.0,YOGURT YOPLAIT 242GR FRESA,16.5,EA,16.5,2025-11-20 21:33:10.480,0.0,True,food
1.0,CARLOS V CHOCOLATE 18G,16.204,EA,16.204,2025-11-20 21:33:10.480,0.0,True,food
1.0,AGUA GASIFICADA FREE LIFE WATER 355 ML SABOR CEREZA,19.828,EA,19.828,2025-11-20 21:33:10.480,0.0,True,food
1.0,RECARGA IDMX,862.069,NO APLICA,862.069,2025-11-20 21:33:10.480,0.0,True,product
50.02,Magna,1036.67,LITROS,20.725,2025-11-20 21:33:10.480,0.0,True,tobacco
26.0,Mobil Synergy Extra (CN) ID:32011 (Precio x ud. $ 23.57),530.337,LITROS,20.398,2025-11-20 21:33:10.480,0.0,True,other
1.0,"Juego de 7 llaves allen std tipo navaja, cuerpo de lámina",66.38,Set,66.38,2025-11-20 21:16:10.910,0.0,True,other
1.0,AGUA PURIFICADA CIEL 5 LT BOTE,37.0,EA,37.0,2025-11-20 21:12:08.900,0.0,True,food
5.0,AGUA PURIFICADA CIEL 20 LT BOTE,325.0,EA,65.0,2025-11-20 21:12:08.900,0.0,True,food
1.0,AGUA MINERAL TOPO CHICO 600 ML BOTELLA NO RETORNABLE,20.833,EA,20.833,2025-11-20 21:12:08.900,0.0,True,food
1.0,SUEROX FRESAKIWI 630ML,25.0,EA,25.0,2025-11-20 21:12:08.900,0.0,True,product
1.0,SUEROX UVA 630ML,25.0,EA,25.0,2025-11-20 21:12:08.900,0.0,True,product
2.0,SUEROX MORA AZUL CON HIERBABUENA 630ML,50.0,EA,25.0,2025-11-20 21:12:08.900,0.0,True,product
1.0,SUEROX LIMA LIMON 630ML,25.0,EA,25.0,2025-11-20 21:12:08.900,0.0,True,product
1.0,SUEROX ADULTO SABOR FRESA 630ML12,25.0,EA,25.0,2025-11-20 21:12:08.900,0.0,True,product
1.0,SUEROX ADULTO UVA MORA AZUL 630 ML,25.0,EA,25.0,2025-11-20 21:12:08.900,0.0,True,product
1.0,HIELO POTABLE EN CILINDROS CRISTAPURO 3.6 KG BOLSA,32.5,EA,32.5,2025-11-20 21:12:08.900,0.0,True,food
1.0,"CUCHILLAS DE REPUESTO PARA NV-7 Y NM-7, 5 PIEZAS (16953)",24.14,PZA,24.14,2025-11-20 21:08:12.590,0.0,True,product
4.0,ESPATULA MULTIUSOS MARCA TRUPER (14458),286.21,PZA,71.553,2025-11-20 21:08:12.590,0.0,True,product
1.0,MAZO DE HULE 8 ONZAS PRETUL (20565),70.69,PZA,70.69,2025-11-20 21:08:12.590,0.0,True,product
2.0,NUDO GALVANIZADO 1/2 (44087),50.0,PZA,25.0,2025-11-20 21:08:12.590,0.0,True,product
7.0,AGUA BLUE BAY 1 LITRO,77.0,,11.0,2025-11-20 21:07:10.827,0.0,True,fuel
1.0,AGUA NATURAL E PURA 10.1LT,54.5,,54.5,2025-11-20 21:07:10.827,0.0,True,food
1.0,Servicios de buses con horarios programados,465.52,Unidad de servicio,465.52,2025-11-20 20:50:12.937,0.0,True,other
1.0,Servicio postales de paqueteo y courrier,258.62,UNIDAD DE SERVICIO,258.62,2025-11-20 20:36:03.750,0.0,True,other
1.0,CHOKIS GAMESA 76G,21.296,EA,21.296,2025-11-20 20:31:10.260,0.0,True,food
1.0,CHEETOS TORCIDITOS 58GR,21.759,EA,21.759,2025-11-20 20:31:10.260,0.0,True,food
1.0,ACEITE NUTRIOLI 400 ML,26.0,EA,26.0,2025-11-20 20:31:10.260,0.0,True,product
2.0,FUZE TEA VERDE SABOR LIMON 600ML,40.0,EA,20.0,2025-11-20 20:31:10.260,0.0,True,alcohol
1.0,DULCIGOMAS 63G BOLSA CTR RIC,24.537,EA,24.537,2025-11-20 20:31:10.260,0.0,True,product
1.0,BOL BAS COSTALITOS JUMBO 75X90,38.79,PIEZA,38.79,2025-11-20 20:30:13.527,0.0,True,product
1.0,CERRADURA D/PERILLA DEXTER SAT,271.55,Pieza,271.55,2025-11-20 20:30:13.527,0.0,True,other
1.0,ROOM SERVICE,164.89,SERVICIO,164.89,2025-11-20 20:26:12.630,0.0,True,food
1.0,LAVANDERIA,224.1,SERVICIO,224.1,2025-11-20 20:26:12.630,0.0,True,product
1.0,ELECTROLIT,25.0,PIEZAS,25.0,2025-11-20 20:22:10.973,4.0,True,product
6.0,BONAFONT6P,282.0,PIEZAS,47.0,2025-11-20 20:22:10.973,4.0,True,tobacco
1.0,"Habitación 308, CHECK IN 19/11/25 CHECK OUT 20/11/25",666.66,Unidad de servicio,666.66,2025-11-20 20:18:09.657,0.0,True,tobacco
5.0,IMPRESION CARTA COLOR PAPEL NORMAL,49.6,PIEZA,9.92,2025-11-20 20:18:09.657,0.0,True,other
14.0,IMPRESIÓN CARTA B/N DE 11 A 100,11.34,PIEZA,0.81,2025-11-20 20:18:09.657,0.0,True,product
2.0,DESCARBONIZACION,760.0,Unidad de servicio,380.0,2025-11-20 20:18:09.657,0.0,True,tobacco
1.0,REVISAR 25 PUNTOS DE SEGURIDAD,380.0,UNIDAD DE SERVICIO,380.0,2025-11-20 20:18:09.657,0.0,True,food
1.0,REEMPLAZO DEL ENSAMBLE DEL DEPURADOR DE AIRE,380.0,Unidad de servicio,380.0,2025-11-20 20:18:09.657,0.0,True,fuel
1.0,INSPEC/MANTENIMIENTO I/M - DIAG EMISIONES EXCESIVAS I/M - PRUEBA EMISIONES,380.0,Unidad de servicio,380.0,2025-11-20 20:18:09.657,0.0,True,tobacco
2.5,REEMPLAZO DEL FILTRO DE ACEITE,950.0,Unidad de servicio,380.0,2025-11-20 20:18:09.657,0.0,True,alcohol
1.0,ROTACION DE RUEDAS,380.0,Unidad de servicio,380.0,2025-11-20 20:18:09.657,0.0,True,food
1.0,LIMPIEZA Y AJUSTE DE FRENOS,380.0,Unidad de servicio,380.0,2025-11-20 20:18:09.657,0.0,True,food
1.0,MANEJO DE RESIDUOS PELIGROSOS,292.25,Unidad de servicio,292.25,2025-11-20 20:18:09.657,0.0,True,product
1.0,SEGURO,350.0,Unidad de servicio,350.0,2025-11-20 20:18:09.657,0.0,True,food
1.0,FILTRO DE ACEITE,120.79,PIEZA,120.79,2025-11-20 20:18:09.657,0.0,True,alcohol
1.0,ACEITE SINTETICO DEXOS GEN 3 5W30 3.78,794.13,PIEZA,794.13,2025-11-20 20:18:09.657,0.0,True,product
1.0,LIMPIADOR-PARABRISAS SHAMPOO ACD100ML,66.11,PIEZA,66.11,2025-11-20 20:18:09.657,0.0,True,product
1.0,LIMPIADOR DE INYECTORES,215.0,PIEZA,215.0,2025-11-20 20:18:09.657,0.0,True,product
1.0,NUEZ DE LA INDIA/ CACAHUATE SALADO/ENCHILADO/GARAPIÑADO/MANGO KAREN 35-100 G,30.03,Pieza,30.03,2025-11-20 20:00:10.210,0.0,True,food
1.0,NUEZ DE LA INDIA/ CACAHUATE SALADO/ENCHILADO/GARAPIÑADO/MANGO KAREN 35-100 G,30.0,Pieza,30.0,2025-11-20 20:00:10.210,0.0,True,food
1.0,NUEZ DE LA INDIA/ CACAHUATE SALADO/ENCHILADO/GARAPIÑADO/MANGO KAREN 35-100 G,30.0,Pieza,30.0,2025-11-20 20:00:10.210,0.0,True,food
1.0,BOTANA SURTIDA KAREN  100G,42.99,Pieza,42.99,2025-11-20 20:00:10.210,0.0,True,fuel
1.0,BOTANA SURTIDA KAREN  100G,42.99,Pieza,42.99,2025-11-20 20:00:10.210,0.0,True,fuel
1.0,NUEZ PECANA KAREN 40 G,30.0,Pieza,30.0,2025-11-20 20:00:10.210,0.0,True,product
1.0,NUEZ PECANA KAREN 40 G,30.0,Pieza,30.0,2025-11-20 20:00:10.210,0.0,True,product
1.0,NUEZ DE LA INDIA/ CACAHUATE SALADO/ENCHILADO/GARAPIÑADO/MANGO KAREN 35-100 G,30.0,Pieza,30.0,2025-11-20 20:00:10.210,0.0,True,food
1.0,AGUA BONAFONT 1 L,18.0,Pieza,18.0,2025-11-20 20:00:10.210,0.0,True,tobacco
1.0,PEÑAFIEL TWIST LIMON SAL 600 ML,21.55,Pieza,21.552,2025-11-20 20:00:10.210,0.0,True,product
3.0,TOSTADA DE RES,95.69,Pieza,31.897,2025-11-20 20:00:10.210,0.0,True,product
1.0,QUESADILLA DE PIERNA,47.41,Pieza,47.414,2025-11-20 20:00:10.210,0.0,True,food
76.19,DIESEL,1729.11,LITRO,22.695,2025-11-20 19:58:11.593,0.0,True,fuel
1.0,PROT HOJA OD CTA TRNS MAT 200PZ,188.79,PIEZA,188.793,2025-11-20 19:57:11.747,21.0,True,product
1.0,JGO DE INDICES 5 DIVISIONES,25.0,PIEZA,25.0,2025-11-20 19:57:11.747,21.0,True,other
1.0,"CARPETA MATE 1"" BLANCA O",76.72,PIEZA,76.724,2025-11-20 19:57:11.747,21.0,True,product
1.0,MARC MAGISTRA C/4 COLORES,62.07,PIEZA,62.069,2025-11-20 19:57:11.747,21.0,True,product
2.0,PAPEL VISION BOND CARTA C/500,187.93,PIEZA,93.966,2025-11-20 19:57:11.747,21.0,True,other
1.0,BOLSA REUSABLE OD GRANDE RJ,21.55,PIEZA,21.552,2025-11-20 19:57:11.747,21.0,True,product
1.0,MEM USB ADATA 32GB UV250,102.59,PIEZA,102.59,2025-11-20 19:57:11.747,21.0,True,other
1.0,4 PECHUGUITA,175.93,ACTIVIDAD,175.93,2025-11-20 19:51:03.120,0.0,True,food
1.0,ENS. VASO POLLO O SURIMI 8OZ,87.96,ACTIVIDAD,87.96,2025-11-20 19:51:03.120,0.0,True,product
1.0,Kit HiperLed,766.885,Pieza,766.885,2025-11-20 19:51:03.120,0.0,True,product
66.199,32011                MAGNA,1373.7,LITRO,20.751,2025-11-20 19:50:12.183,0.0,True,product
1.0,H-99(LBN1)-470 ,3293.1,Pieza,3293.1,2025-11-20 19:49:10.393,557.0,True,fuel
2.0,ANTISULFATANTE (RONDANAS) ,17.24,Pieza,8.62,2025-11-20 19:49:10.393,557.0,True,tobacco
2.0,MICRO FIBRA ,34.48,Pieza,17.24,2025-11-20 19:49:10.393,557.0,True,product
1.0,LTH AAA Paq. 4 Baterias ,47.41,Pieza,47.41,2025-11-20 19:49:10.393,557.0,True,tobacco
1.0,LTH AA  Paq. 4 baterias ,47.41,Pieza,47.41,2025-11-20 19:49:10.393,557.0,True,tobacco
2.0,1P FRESH SHAVE ,51.72,Pieza,25.86,2025-11-20 19:49:10.393,557.0,True,product
1.0,EXTRA CHICO GRUPO 1 Se recibierón los siguientes usados:G01 - EXTRA CHICO GRUPO 1,294.0,Pieza,294.0,2025-11-20 19:49:10.393,557.0,True,food
1.0,Alimentos Guacamayas,137.94,,137.94,2025-11-20 19:47:09.600,0.0,True,food
1.0,Bebidas Guacamayas,189.66,,189.66,2025-11-20 19:47:09.600,0.0,True,food
1.0,Hula Hawaiian,162.93,Pieza,162.93,2025-11-20 19:32:11.487,0.0,True,food
1.0,Refresco 600mL,21.55,Pieza,21.55,2025-11-20 19:32:11.487,0.0,True,product
1.0,MVPIZZA and STIX,114.12,Pieza,114.12,2025-11-20 19:32:11.487,0.0,True,other
1.0,Crazy Bread,30.15,Pieza,30.15,2025-11-20 19:32:11.487,0.0,True,food
1.0,Crazy Sauce,14.35,Pieza,14.35,2025-11-20 19:32:11.487,0.0,True,food
2.0,BREAKER 2P-40A PASTILLA TERMOMAGNE,1318.97,PIEZA,659.49,2025-11-20 19:27:11.407,116.0,True,other
1.0,Centro carga Square D 70A 2P NEMA1,757.76,PIEZA,757.76,2025-11-20 19:27:11.407,116.0,True,other
1.0,CABLE THW 10 AWG NEGRO CONDULAC,1706.03,PIEZA,1706.03,2025-11-20 19:27:11.407,116.0,True,product
1.0,CENTRO DE CARGA 2P 60A PLASTICO,473.28,PIEZA,473.28,2025-11-20 19:27:11.407,116.0,True,fuel
1.0,BASE EN GABINETE 100A 5-MORDAZAS 2F,1004.31,PIEZA,1004.31,2025-11-20 19:27:11.407,116.0,True,other
4.0,CODO CONDUIT 3/4 PARED DELGADA,175.86,PIEZA,43.97,2025-11-20 19:27:11.407,116.0,True,other
4.0,"CAJA OVAL ROSCADA OLB 3/4""",210.34,PIEZA,52.59,2025-11-20 19:27:11.407,116.0,True,food
1.0,VARILLA P/TIERRA 1MT,64.66,PIEZA,64.66,2025-11-20 19:27:11.407,116.0,True,product
40.0,CABLE (LM) THW 8 RO (IND) 500M,1224.14,MT LINEAL,30.6,2025-11-20 19:27:11.407,116.0,True,other
40.0,CABLE (LM) THW 8 VE (IND) 500M,1224.14,MT LINEAL,30.6,2025-11-20 19:27:11.407,116.0,True,other
40.0,CABLE (LM) THW 8 NE (IND) 500M,1224.14,MT LINEAL,30.6,2025-11-20 19:27:11.407,116.0,True,product
5.0,CABLE (LM) THW 8 BL (IND) 500M,153.02,MT LINEAL,30.6,2025-11-20 19:27:11.407,116.0,True,other
20.0,"UÑA CONDUIT PARED DELGADA 3/4""",51.72,PIEZA,2.59,2025-11-20 19:27:11.407,116.0,True,other
10.0,CONECTOR CONDUIT 3/4 PARED DELGADA,172.41,PIEZA,17.24,2025-11-20 19:27:11.407,116.0,True,other
10.0,"COPLE PARED DELGADA 3/4""",146.55,PIEZA,14.66,2025-11-20 19:27:11.407,116.0,True,tobacco
10.0,TUBO CONDUIT 3/4 S/COPLE P DELGADA,1163.79,PIEZA,116.38,2025-11-20 19:27:11.407,116.0,True,product
1.0,Autovía del Mayab NRU 2028810006610560462201400A5B4DDC (16/11/2025),204.31,PEAJE,204.31,2025-11-20 19:18:13.267,0.0,True,food
1.0,Autovía del Mayab NRU 0148220000975766E781D0942A7D7007 (19/11/2025),351.724,PEAJE,351.724,2025-11-20 19:18:13.267,0.0,True,other
1.0,Autovía del Mayab NRU 20292200045259013F6CBF7ABF171E90 (19/11/2025),204.31,PEAJE,204.31,2025-11-20 19:18:13.267,0.0,True,food
1.0,Habitación Doble del 16 de Noviembre del 2025,908.339,Noche,908.339,2025-11-20 19:18:13.267,0.0,True,tobacco
1.0,Saneamiento Ambiental,50.91,Noche,50.91,2025-11-20 19:18:13.267,0.0,True,food
1.0,0102 REDUCCION NPTF ,49.335,PZA,49.335,2025-11-20 19:18:13.267,0.0,True,food
35.984, PREMIUM (LT),865.52,Litro,24.053,2025-11-20 19:11:10.810,0.0,True,product
36.989,PREMIUM,880.12,,23.794,2025-11-20 19:11:10.810,0.0,True,product
1.0,Clásica de Pepperoni,85.34,Pieza,85.34,2025-11-20 19:04:10.100,0.0,True,food
1.0,Pizza de Queso,76.73,Pieza,76.73,2025-11-20 19:04:10.100,0.0,True,food
2.0,"CINTA TEFLON P/GAS AMARILLA 1/2"" X",25.0,PIEZA,12.5,2025-11-20 19:04:10.100,0.0,True,fuel
1.0,74144 JUEGO DE HERRAMIEN,257.76,,257.76,2025-11-20 19:04:10.100,0.0,True,product
1.0,-10 CONECTORES RJ45 CAT5E P/CABLE REDONDO ,50.86,PIEZA,50.86,2025-11-20 19:04:10.100,0.0,True,other
2.0,CIEL 0 AZUCAR LIMON 1L,37.931,EA,18.966,2025-11-20 19:04:10.100,0.0,True,tobacco
1.0,BASICO CH,142.24,PZA,142.24,2025-11-20 19:04:10.100,0.0,True,fuel
1.0,RENTA DE HABITACION,1179.92,SERVICIO,1179.92,2025-11-20 18:32:08.383,0.0,True,tobacco
1.0,SERVICIO DE TRASLADO ,344.828,SERVICIO,344.828,2025-11-20 18:32:08.383,0.0,True,food
1.0,COCA COLA ORIG SLEEK CAN 355,24.569,,24.569,2025-11-20 18:32:08.383,0.0,True,product
1.0,KARATE JAPO MEDIAN 90 G,37.0,,37.0,2025-11-20 18:32:08.383,0.0,True,other
2.0,VARILLA P/TIERRA 1MT,100.16,PIEZA,50.08,2025-11-20 18:29:11.190,0.0,True,product
1.0,TAQUETE PLASTICO BOLSA C/ 100 5/16,80.22,PIEZA,80.22,2025-11-20 18:29:11.190,0.0,True,product
1.0,TERMINAL OJO AMARILLA 5/16 (TOAM 5/,94.18,PIEZA,94.18,2025-11-20 18:29:11.190,0.0,True,other
1.0,CONECTOR BIPARTIDO CAL. 8 A 4 (KS,187.54,PIEZA,187.54,2025-11-20 18:29:11.190,0.0,True,food
1.0,CONECTOR BIPARTIDO CAL. 2 A 2/0 (KS,425.04,PIEZA,425.04,2025-11-20 18:29:11.190,0.0,True,other
3.0,CONECTOR PARA AVRILLA COBRE,19.66,PIEZA,6.55,2025-11-20 18:29:11.190,0.0,True,food
1.0,BREAKER 2P-20A PASTILLA TERMOMAGNE,560.74,PIEZA,560.74,2025-11-20 18:28:12.447,60.0,True,other
1.0,CONDUCON LB P. DELGADA 34,44.32,PIEZA,44.32,2025-11-20 18:28:12.447,60.0,True,fuel
2.0,TUBO CONDUIT 3/4 S/COPLE P DELGADA,211.1,PIEZA,105.55,2025-11-20 18:28:12.447,60.0,True,product
4.0,"OMEGA CONDUIT PARED DELGADA 3/4""",10.97,PIEZA,2.74,2025-11-20 18:28:12.447,60.0,True,other
5.0,"UÑA CONDUIT PARED DELGADA 3/4""",12.28,PIEZA,2.46,2025-11-20 18:28:12.447,60.0,True,other
5.0,"CLIP PARA CONDUIT 3/4""",31.29,PIEZA,6.26,2025-11-20 18:28:12.447,60.0,True,other
10.0,"COPLE PARED DELGADA 3/4""",124.22,PIEZA,12.42,2025-11-20 18:28:12.447,60.0,True,tobacco
2.0,"CONECTOR FLEXIBLE CURVO 3/4""",51.78,PIEZA,25.89,2025-11-20 18:28:12.447,60.0,True,other
6.0,"CONECTOR LIQUIDTIGHT RECTO 3/4""",171.78,PIEZA,28.63,2025-11-20 18:28:12.447,60.0,True,fuel
1.0,GUANTES DE CORTE HUSKY,145.69,PIEZA,145.69,2025-11-20 18:28:12.447,60.0,True,product
5.0,COPLE CONDUIT 3/4 P GRUESA,72.93,PIEZA,14.59,2025-11-20 18:28:12.447,60.0,True,fuel
1.0,"COPLE P/TUBO 1 1/4"" Y BASE 1 2 FASE",93.97,PIEZA,93.97,2025-11-20 18:28:12.447,60.0,True,product
1.0,"CONECTOR USO RUDO 1/2""",6.28,PIEZA,6.28,2025-11-20 18:28:12.447,60.0,True,product
10.0,CONECTOR CONDUIT 3/4 PARED DELGADA,138.79,PIEZA,13.88,2025-11-20 18:28:12.447,60.0,True,other
1.0,CAJA RECTANGULAR RR-0471 2 3/4,92.66,PIEZA,92.66,2025-11-20 18:28:12.447,60.0,True,tobacco
2.0,"REDUCCIONES TIPO RE 1 1/4""-3/4""",85.29,PIEZA,42.65,2025-11-20 18:28:12.447,60.0,True,product
1.0,CONDUCON LR P. DELGADA 34,39.96,PIEZA,39.96,2025-11-20 18:28:12.447,60.0,True,fuel
1.0,PLACA P/INTEMPERIE LE ART,91.94,PIEZA,91.94,2025-11-20 18:28:12.447,60.0,True,product
1.0,CONT DUP C TIERRA AISL NAR LE ART,261.25,PIEZA,261.25,2025-11-20 18:28:12.447,60.0,True,other
1.0,CENTRO DE CARGA SOBREPONER QOD3S,432.78,PIEZA,432.78,2025-11-20 18:28:12.447,60.0,True,other
1.0,BASE EN GABINETE 100A 5-MORDAZAS 2F,892.54,PIEZA,892.54,2025-11-20 18:28:12.447,60.0,True,other
5.0,CODO CONDUIT 3/4 PARED DELGADA,179.27,PIEZA,35.85,2025-11-20 18:28:12.447,60.0,True,other
10.0,CABLE (LM) THW 8 RO (IND) 500M,296.21,MT LINEAL,29.62,2025-11-20 18:28:12.447,60.0,True,other
10.0,CABLE (LM) THW 8 NE (IND) 500M,296.21,MT LINEAL,29.62,2025-11-20 18:28:12.447,60.0,True,product
10.0,CABLE (LM) THW 8 VE (IND) 500M,296.21,MT LINEAL,29.62,2025-11-20 18:28:12.447,60.0,True,other
1.0,ESTABLECIMIENTOS DE COMIDA RÁPIDA AL 16%,180.17,Servicio,180.17,2025-11-20 18:24:11.303,0.0,True,alcohol
1.0,RENTA HABITACION,6183.13,SERVICIO,6183.13,2025-11-20 18:24:11.303,0.0,True,food
1.0,Boleto de estacionamiento hasta 1 hora,77.59,Unidad de servicio,77.59,2025-11-20 18:24:11.303,0.0,True,food
1.0,MEMORIA USB DUAL TIPO C Y A DE 64 G,159.48,PIEZA,159.48,2025-11-20 18:24:11.303,12.0,True,other
2.0,ACEITE 3 EN 1 90 ML. AL090,86.21,PIEZA,43.11,2025-11-20 18:24:11.303,12.0,True,alcohol
1.0,CINTA AMARILLA LEYENDA PROHIBIDO EL,119.83,PIEZA,119.83,2025-11-20 18:24:11.303,12.0,True,product
1.0,Boleto de estacionamiento hasta 1 hora,853.45,Unidad de servicio,853.45,2025-11-20 18:24:11.303,0.0,True,food
1.0,Servicio de transportación terrestre 130903251116382,800.0,UNIDAD DE SERVICIO,800.0,2025-11-20 18:24:11.303,0.0,True,fuel
1.0,HT EXT 3M D,81.897,PIEZAS,81.897,2025-11-20 18:24:11.303,0.0,True,product
2.0,TAZON,43.103,PIEZAS,21.552,2025-11-20 18:24:11.303,0.0,True,product
2.0,CARAMELO R,114.0,PIEZAS,57.0,2025-11-20 18:24:11.303,0.0,True,food
1.0,CARAMELOS,58.0,PIEZAS,58.0,2025-11-20 18:24:11.303,0.0,True,food
2.0,RAMEN NISSIN POLLO 85GR,24.0,EA,12.0,2025-11-20 18:17:11.600,0.0,True,fuel
2.0,RAMEN NISSIN CAMARON 85GR,24.0,EA,12.0,2025-11-20 18:17:11.600,0.0,True,fuel
2.0,GALLETAS SALADAS SALMAS 90GR,56.0,EA,28.0,2025-11-20 18:17:11.600,0.0,True,food
3.0,MARAVILLAS VAINILLA GAMESA 125GR,55.5,EA,18.5,2025-11-20 18:17:11.600,0.0,True,tobacco
1.0,TOSTITOS SALSA VERDE 62GR,17.13,EA,17.13,2025-11-20 18:17:11.600,0.0,True,food
1.0,SALCHICHAS PARA ASAR CHIMEX 800 GR PAQUETE CARNE DE CERDO,82.9,EA,82.9,2025-11-20 18:17:11.600,0.0,True,other
1.0,ATUN DOLORES ACEITE 295GR LATA,40.0,EA,40.0,2025-11-20 18:17:11.600,0.0,True,tobacco
1.0,PENAFIEL MINERAL COCO 600 ML NR,18.103,EA,18.103,2025-11-20 18:17:11.600,0.0,True,product
3.0,SOPA KNORR MICKEY 95GR,55.5,EA,18.5,2025-11-20 18:17:11.600,0.0,True,tobacco
1.0,MARGARINA PRIMAVERA 90G SIN SAL,23.9,EA,23.9,2025-11-20 18:17:11.600,0.0,True,tobacco
1.0,MARGARINA PRIMAVERA 90G CON SAL,27.5,EA,27.5,2025-11-20 18:17:11.600,0.0,True,tobacco
1.0,COMISION RECARGA IDMX,8.621,NO APLICA,8.621,2025-11-20 18:17:11.600,0.0,True,product
1.0,RECARGA IDMX,853.448,NO APLICA,853.448,2025-11-20 18:17:11.600,0.0,True,product
4.0,CENTRO DE CARGA DE 8 MODULOS CON 100 AMPERES,2440.0,Pieza,610.0,2025-11-20 18:13:13.750,0.0,True,other
2.0,INTERRUPTOR TERMOMAGNETICO 2 POLOS ENCUFABLE,1260.0,Pieza,630.0,2025-11-20 18:13:13.750,0.0,True,other
10.0,ANCLO DE UÑA PARA TUBO DE COBRE 3/4 PULGADA,360.0,Pieza,36.0,2025-11-20 18:13:13.750,0.0,True,alcohol
10.0,COPLE PARA PARED DELGADA 3/4,375.0,Pieza,37.5,2025-11-20 18:13:13.750,0.0,True,tobacco
17.0,CABLE CALIBRE 8 NEGRO INDIANA,1212.1,Metro,71.3,2025-11-20 18:13:13.750,0.0,True,product
17.0,CABLE CALIBRE 8 BLANCO INDIANA,2040.0,Metro,120.0,2025-11-20 18:13:13.750,0.0,True,other
17.0,CABLE CALIBRE 8 VERDE INDIANA,391.0,Metro,23.0,2025-11-20 18:13:13.750,0.0,True,other
2.0,MESA PLEGABLE 2.44M,3498.28,PIEZA,1749.14,2025-11-20 18:06:10.810,0.0,True,product
8.0,SILLA PLEGABLE ES LIFETIME,4131.03,PIEZA,516.38,2025-11-20 18:06:10.810,0.0,True,product
3.0,SILLA PLEGABLE,1652.59,PIEZA,550.86,2025-11-20 18:05:09.333,0.0,True,product
1.0,MESA PLEGABLE 2.44M,1749.14,PIEZA,1749.14,2025-11-20 18:05:09.333,0.0,True,product
1.0,MESA PLEGABLE 2.44M,1749.14,PIEZA,1749.14,2025-11-20 18:04:06.670,0.0,True,product
8.0,SILLA PLEGABLE,4406.9,PIEZA,550.86,2025-11-20 18:04:06.670,0.0,True,product
45.0,Gas Licuado de Petróleo,417.414,LT,9.276,2025-11-20 18:04:06.670,0.0,True,fuel
1.0,COLCHON INDIVIDUAL MEMORY FOAM CON RESORTE ORTOPEDICO,1231.9,EACH,1231.9,2025-11-20 18:03:08.170,0.0,True,product
1.0,COLCHON INDIVIDUAL MEMORY FOAM CON RESORTE ORTOPEDICO,1231.9,EACH,1231.9,2025-11-20 18:03:08.170,0.0,True,product
1.0,MESA PLEGABLE 2.44M,1749.14,PIEZA,1749.14,2025-11-20 18:03:08.170,0.0,True,product
7.0,SILLA PLEGABLE,3856.03,PIEZA,550.86,2025-11-20 18:03:08.170,0.0,True,product
1.0,E DOMICILIO,0.0,PIEZAS,0.0,2025-11-20 18:03:08.170,0.0,True,tobacco
1.0,REFRIGERAD,4215.517,PIEZAS,4215.517,2025-11-20 18:03:08.170,0.0,True,food
8.337,GASOLINA REGULAR MIN. 87 OCTANOS,173.07,,20.76,2025-11-20 17:59:08.420,0.0,True,fuel
21.017,Regular,432.69,Litros,20.587,2025-11-20 17:59:08.420,0.0,True,product
12.0,Abrazadera de  3 1/4,155.172,,12.931,2025-11-20 17:59:08.420,0.0,True,product
1.0,Llave de taladro 1/2,32.759,,32.759,2025-11-20 17:59:08.420,0.0,True,other
1.0,SERVICIO DE PEAJE Y CRUCE CARRETERO GUAYMAS 2025-10-24 08:25:17,39.66,PEAJE,39.66,2025-11-20 17:57:07.757,0.0,True,other
1.0,SERVICIO DE PEAJE Y CRUCE CARRETERO FUNDICION 2025-10-24 10:54:30,93.97,PEAJE,93.97,2025-11-20 17:57:07.757,0.0,True,other
1.0,SERVICIO DE PEAJE Y CRUCE CARRETERO GUAYMAS 2025-10-24 16:55:46,39.66,PEAJE,39.66,2025-11-20 17:57:07.757,0.0,True,food
1.0,SERVICIO DE PEAJE Y CRUCE CARRETERO FUNDICION 2025-10-24 14:07:59,93.97,PEAJE,93.97,2025-11-20 17:57:07.757,0.0,True,food
40.0,2. MAGNA (Despacho 4821249-0),830.38,Litros,20.76,2025-11-20 17:54:08.937,0.0,True,other
8.0,TAQUETE PLASTICO 1/4,3.92,PIEZA,0.49,2025-11-20 17:53:08.210,0.0,True,product
8.0,PIJA FIJADORA 8 X 1  1/2,5.52,PIEZA,0.69,2025-11-20 17:53:08.210,0.0,True,product
1.0,PILA ALKALINA D,50.86,PIEZA,50.86,2025-11-20 17:53:08.210,0.0,True,tobacco
4.0,TUERCA IZQUIERDA P/PIG  TAIL,50.0,PIEZA,12.5,2025-11-20 17:53:08.210,0.0,True,product
2.0,CADENA VICTOR GRANEL,28.44,METRO,14.22,2025-11-20 17:53:08.210,0.0,True,food
1.0,"CLAVO P/CONCRETO 3"" BLISTER",8.62,PIEZA,8.62,2025-11-20 17:53:08.210,0.0,True,product
3.0,BROCA P/CONCRETO 1/4,49.14,PIEZA,16.38,2025-11-20 17:53:08.210,0.0,True,food
1.0,PISTOLA P/RIEGO JARDIN,66.38,PIEZA,66.38,2025-11-20 17:53:08.210,0.0,True,product
1.0,CUARTOS DE HOTEL DIAS 16/11/2025,1092.44,DAY,1092.44,2025-11-20 17:53:08.210,0.0,True,other
38.0,Regular,788.87,Litros,20.76,2025-11-20 17:52:10.083,0.0,True,product
42.0,Magna,871.9,Litros,20.76,2025-11-20 17:52:10.083,0.0,True,tobacco
1.0,Calzado de seguridad Wolf modelo 2487 café #8,560.34,,560.34,2025-11-20 17:52:10.083,0.0,True,food
1.0,02 SUPER STAR CJR,224.138,,224.138,2025-11-20 17:49:08.443,0.0,True,fuel
2.0,Habitación Estándar,2739.5,,1369.748,2025-11-20 17:38:11.247,0.0,True,food
1.0,REGIO,102.586,PIEZAS,102.586,2025-11-20 17:37:09.397,28.0,True,product
1.0,GV BOLSA,30.172,PIEZAS,30.172,2025-11-20 17:37:09.397,28.0,True,product
1.0,GV BOLSA,20.259,PIEZAS,20.259,2025-11-20 17:37:09.397,28.0,True,product
1.0,AU AZUCAR,26.0,PIEZAS,26.0,2025-11-20 17:37:09.397,28.0,True,product
1.0,CUCH CH GV60,17.241,PIEZAS,17.241,2025-11-20 17:37:09.397,28.0,True,product
1.0,GV LAV 750,27.586,PIEZAS,27.586,2025-11-20 17:37:09.397,28.0,True,product
1.0,DOLCA,110.0,PIEZAS,110.0,2025-11-20 17:37:09.397,28.0,True,food
1.0,PINOL FLOR,17.241,PIEZAS,17.241,2025-11-20 17:37:09.397,28.0,True,alcohol
1.0,ART.23 FRACC.XVII INC A) LIEJ TRAMITE DE BAJA DE VEHÍCULOS REGISTRADOS EN EL ESTADO.- VEHICULOS AUTO,395.0,93161700,395.0,2025-11-20 17:37:09.397,0.0,True,fuel
45.64,32025                G-SUPER,922.29,LITRO,20.208,2025-11-20 17:30:09.170,0.0,True,product
1.0,"ARCHIVO EXP OD CTA 7COMP NG-MC, Fecha del pedimento: 2025-01-09 17:32:00",158.62,PIEZA,158.621,2025-11-20 17:23:11.040,0.0,True,food
75.0,COP-IMP OPAL D-CTA COL 51-100H,1293.1,PIEZA,17.241,2025-11-20 17:23:11.040,0.0,True,tobacco
33.775,Premium,765.8,Litros,22.673,2025-11-20 17:20:06.657,0.0,True,product
1.0,COMBO BLATT MEDIANA POLLO,150.0,PZA,150.0,2025-11-20 17:14:10.090,0.0,True,tobacco
1.0,FIBRA ESP ARCOBALENO CORAZZI C,38.36,Pieza,38.36,2025-11-20 17:09:10.410,0.0,True,product
1.0,INSECTICIDA H24 PODER FULM C/A,64.56,Pieza,64.56,2025-11-20 17:09:10.410,0.0,True,food
1.0,LAVATRASTES LIMON PRECISSIMO 1,25.86,PIEZA,25.86,2025-11-20 17:09:10.410,0.0,True,product
1.0,LIMPIADOR BANO CLORALEX ANT/HO,51.64,Pieza,51.64,2025-11-20 17:09:10.410,0.0,True,product
1.0,LIMPIADOR FLASH BRISA MARINA 1,22.33,Pieza,22.33,2025-11-20 17:09:10.410,0.0,True,product
1.0,PANO ABSORBENTE POLYNEG 3PZ,25.78,Pieza,25.78,2025-11-20 17:09:10.410,0.0,True,product
1.0,PAPEL HIG 200HD SUAVEL 16 ROLL,65.95,PIEZA,65.95,2025-11-20 17:09:10.410,0.0,True,tobacco
2.0,AGUA PURIFICADA EPURA 101 LTS,97.0,EA,48.5,2025-11-20 16:59:08.683,0.0,True,food
1.0,LIMA 500ML Correspondiente al tiquet:B90G-251338 Con Fecha: 2025-11-19,40.52,UN,40.52,2025-11-20 16:59:08.683,0.0,True,tobacco
1.0,ALAMBRE DE COSTILLA,227.59,UN,227.59,2025-11-20 16:59:08.683,0.0,True,alcohol
1.0,PEAJE EFECTIVO DEL 04 Nov 2025,42.24,,42.24,2025-11-20 16:56:05.553,0.0,True,product
1.0,PEAJE EFECTIVO DEL 05 Nov 2025,42.24,,42.24,2025-11-20 16:56:05.553,0.0,True,product
1.0,Pago de estacionamiento,25.86,SERVICIO,25.86,2025-11-20 16:54:09.657,0.0,True,food
1.0,Comisión por servicio Parco,3.45,SERVICIO,3.45,2025-11-20 16:54:09.657,0.0,True,other
4.0,Tarjeta De Memoria Kingston Sdcs2/256gb Canvas Select Plus 256gb,1220.68,,305.17,2025-11-20 16:52:11.550,0.0,True,other
3.154,HORAS DE ESTACIONAMIENTO EN LA VÍA PUBLICA,35.345,SERVICIO,11.207,2025-11-20 16:50:10.617,0.0,True,food
1.0,Alimentos preparados,706.9,SRV,706.9,2025-11-20 16:43:10.507,0.0,True,food
38.853,32025                G-SUPER,785.14,LITRO,20.208,2025-11-20 16:38:11.900,0.0,True,product
1.0,EL CALIFA ALIMENT Y,553.45,,553.45,2025-11-20 16:38:11.900,0.0,True,food
1.0,"NO MAS CLAVO 113g ""RESISTOL""",60.345,,60.345,2025-11-20 16:38:11.900,0.0,True,product
1.0,"SILICON BLANCO 70g ""FORTE"" COD 16-0218",25.862,,25.862,2025-11-20 16:38:11.900,0.0,True,food
1.0,Servicios de buses con horarios programados,913.79,Unidad de servicio,913.79,2025-11-20 16:31:14.417,0.0,True,other
1.0,Schorle Maracuya,89.66,Unidad de servicio,89.66,2025-11-20 16:24:05.753,0.0,True,tobacco
1.0,Croque Monsieur GG,211.21,Unidad de servicio,211.21,2025-11-20 16:24:05.753,0.0,True,food
1.0,ENS DE FRUTOS ROJOS,159.48,Unidad de servicio,159.48,2025-11-20 16:24:05.753,0.0,True,food
1.0,SERVICIO PUBLICO FEDERAL DE TRANSPORTE DE PERSONAS,910.34,,910.34,2025-11-20 16:16:09.167,0.0,True,fuel
1.0,68806M  PREPARACION DE L,85.34,,85.34,2025-11-20 16:16:09.167,0.0,True,product
1.0,HIELO  PURIFICADO ENVASADO OXXO 5 KG BOLSA,44.5,EA,44.5,2025-11-20 16:16:09.167,0.0,True,food
4.0,AGUA PURIFICADA BIOLEVE 6L,132.0,EA,33.0,2025-11-20 16:16:09.167,0.0,True,food
2.0,AGUA MINERAL TOPO CHICO 600 ML BOTELLA NO RETORNABLE,36.207,EA,18.103,2025-11-20 16:16:09.167,0.0,True,food
3.0,AGUA PURIFICADA ELECTROPURA 1 LT BOTE,48.0,EA,16.0,2025-11-20 16:16:09.167,0.0,True,food
1.0,LEVITE PINA COCO 1LT,22.414,EA,22.414,2025-11-20 16:16:09.167,0.0,True,food
1.0,AGUA NATURAL BONAFONT 1 LT BOTELLA,17.0,EA,17.0,2025-11-20 16:16:09.167,0.0,True,tobacco
1.0,BE LIGHT MANZANA 1 LTS PET 6,17.241,EA,17.241,2025-11-20 16:15:10.413,0.0,True,fuel
1.0,SANDWICH DON TELLO ENSALADA DE POLLO 115G,25.862,EA,25.862,2025-11-20 16:15:10.413,0.0,True,food
1.0,SANDWICH DON TELLO ENSALADA POLLO JAMON Y QUESO 155G,25.862,EA,25.862,2025-11-20 16:15:10.413,0.0,True,food
1.0,BONAFONT AGUAS FRESCAS PINA 1 LITRO,23.0,EA,23.0,2025-11-20 16:15:10.413,0.0,True,tobacco
1.0,BERELEX SUPER SATIN BASE ACCENT 1 L,206.03,PIEZA,206.03,2025-11-20 16:14:10.630,0.0,True,other
1.0,PILA DE BOTON DURACELL CR2032 2 PIE,79.31,PIEZA,79.31,2025-11-20 16:14:10.630,0.0,True,food
1.0,"BROCHA POLYESTER BYP 2.5""",50.86,PIEZA,50.86,2025-11-20 16:14:10.630,0.0,True,alcohol
1.0,REPARACION DE LLANTA RIN 16,150.0,SERVICIO,150.0,2025-11-20 16:14:10.630,0.0,True,other
1.0,DESMOTAJE DE LLANTA,100.0,SERVICIO,100.0,2025-11-20 16:14:10.630,0.0,True,tobacco
1.0,CHOKIS GAME CLASIC 76GR,27.0,,27.0,2025-11-20 16:10:11.617,9.0,True,food
1.0,MARINEL DUO  NUEZ 96GR,40.0,,40.0,2025-11-20 16:10:11.617,9.0,True,fuel
1.0,RELLENO CAPUCCINO COAH,21.981,,21.981,2025-11-20 16:10:11.617,9.0,True,food
1.0,BE-LIGHT AGUA JAMAICA 1LT,21.121,,21.121,2025-11-20 16:09:09.370,0.0,True,food
1.0,CHOKIS GAME CLASIC 76GR,27.0,,27.0,2025-11-20 16:07:08.863,0.0,True,food
1.0,Servicio de comida rápida,111.21,Unidad de Servicio,111.21,2025-11-20 16:07:08.863,0.0,True,product
1.0,AGUA PURIFICADA BONAFONT 20 LT GARRAFON,62.0,EA,62.0,2025-11-20 16:06:07.793,0.0,True,food
5.0,"SERVICIO A EXTINTOR 9,0 KG PQS ABC nom",2450.0,,490.0,2025-11-20 16:06:07.793,0.0,True,food
2.0,"SERVICIO A EXTINTOR 4,5 KG PQS ABC nom",680.0,,340.0,2025-11-20 16:06:07.793,0.0,True,food
1.0,"SERVICIO A UNIDAD MOVIL 50,0 KG PQS ABC nom",1750.0,,1750.0,2025-11-20 16:06:07.793,0.0,True,food
2.0,"SERVICIO A EXTINTOR 6,0 KG PQS ABC nom",780.0,,390.0,2025-11-20 16:06:07.793,0.0,True,food
2.0,"SERVICIO A EXTINTOR 4,5 KG CO2 BC nom",980.0,,490.0,2025-11-20 16:06:07.793,0.0,True,fuel
12.0,SEÑALAMIENTOS EXTINTOR,1140.0,,95.0,2025-11-20 16:06:07.793,0.0,True,tobacco
9.0,BASE PARA EXTINTOR,675.0,,75.0,2025-11-20 16:06:07.793,0.0,True,tobacco
1.0,GREATVALUE,164.655,PIEZAS,164.655,2025-11-20 16:06:07.793,48.0,True,product
1.0,GV VASO TERM,17.241,PIEZAS,17.241,2025-11-20 16:06:07.793,48.0,True,product
2.0,PETALO,55.172,PIEZAS,27.586,2025-11-20 16:06:07.793,48.0,True,product
1.0,Servicio de comida rápida,51.72,Unidad de Servicio,51.72,2025-11-20 16:06:07.793,0.0,True,product
1.0,MICHEMIX ESPECIAL 240 ML,37.0,EA,37.0,2025-11-20 16:04:10.160,0.0,True,product
1.0,BE LIGHT MANZANA 1 LTS PET 6,17.241,EA,17.241,2025-11-20 16:04:10.160,0.0,True,fuel
1.0,Estacionamiento de autos,651.72,Servicio,651.72,2025-11-20 16:03:07.813,0.0,True,fuel
1.0,AGUA PURIFICADA EPURA 101 LTS,48.5,EA,48.5,2025-11-20 15:39:10.623,0.0,True,food
1.0,BOLSA HIELO STAR 5KG,31.5,EA,31.5,2025-11-20 15:39:10.623,0.0,True,product
1.0,Flete (APO00294743),1127.19,,1127.19,2025-11-20 15:31:11.950,0.0,True,product
1.0,Servicio ocurre,107.3,,107.3,2025-11-20 15:31:11.950,0.0,True,product
1.0,Costo por ajuste de combustible,6.1,,6.1,2025-11-20 15:31:11.950,0.0,True,fuel
1.19,LAMINA NEGRA 4 x 10 Cal. 11 R/C (1.22 X 3.05 mts),866.32,METROS,728.0,2025-11-20 15:24:10.073,0.0,True,other
2.68,LAMINA NEGRA 4 x 10 Cal. 11 R/C (1.22 X 3.05 mts)4 pzas de 1.22 mts x .67 cms,1951.04,METROS,728.0,2025-11-20 15:24:10.073,0.0,True,other
5.0,CORTE DE MATERIAL,300.0,,60.0,2025-11-20 15:24:10.073,0.0,True,product
6.0,"ANILLO P/ENGANCHAR SOLDADO VEKER 3/16"" X 1 1/2"" NIQ. (ARO)",27.0,PIEZAS,4.5,2025-11-20 15:24:10.073,0.0,True,product
1.0,SERVICIO DE TAXI DEL DIA 18 DE NOVIEMBRE 2025,151.9,Tarífa,151.9,2025-11-20 15:17:06.997,0.0,True,fuel
1.0,"SERVICIO DE TRANSPORTE DE PRIMERA PLUS ON-RI 16/11/2025 COMPLETO, Beatriz Adriana Guerrero. VTA REALIZADA EN GUANAJUATO, No. , C",155.17,Viaje,155.17,2025-11-20 15:15:08.573,8.0,True,other
1.0,1/2 POLLO,128.45,PIEZA,128.45,2025-11-20 15:14:10.980,0.0,True,fuel
1.0,QUESO FUNDIDO,90.52,,90.52,2025-11-20 15:14:10.980,0.0,True,food
8.0,CANALETA C/ PEGAMENTO 12 X 12MM CAN-1212 VOLTECK,310.32,PZA,38.79,2025-11-20 15:09:11.110,0.0,True,other
1.0,SILICON PEPE TRANSPARENTE 280 ML PENNSYLVANIA,64.65,PZA,64.65,2025-11-20 15:09:11.110,0.0,True,product
1.0,CABLE CAL 12 X ROLLO ARGOS,1224.14,RLL,1224.14,2025-11-20 15:09:11.110,0.0,True,other
1.0,BROCA P/ CONCRETO SDS BS-1/2 X 12 TRUPER,159.48,PZA,159.48,2025-11-20 15:09:11.110,0.0,True,other
0.25,590207 ENSALADA DE NOPAL 21 L,20.47,PZ,81.89,2025-11-20 15:04:09.250,0.0,True,product
1.0,591369 POLLO ROSTIZADO EN DOMO,106.89,PZ,106.89,2025-11-20 15:04:09.250,0.0,True,other
2.0,PAN DULCE GRANEL,23.148,EA,11.574,2025-11-20 15:00:08.887,0.0,True,food
1.0,POWERADE FRUTAS 1LT,36.638,EA,36.638,2025-11-20 15:00:08.887,0.0,True,alcohol
1.0,PAPEL HIGIENICO AZALEA 1PZ,11.638,EA,11.638,2025-11-20 15:00:08.887,0.0,True,tobacco
1.0,MED3P,150.0,,150.0,2025-11-20 14:58:11.063,0.0,True,product
1.0,MEDIANA ORIGINAL CARNES FRIAS,150.0,,150.0,2025-11-20 14:58:11.063,0.0,True,tobacco
2.0,SKYY APPLETINI 275 ML,60.345,EA,30.172,2025-11-20 14:55:11.400,0.0,True,product
1.0,TOSTITOS XFH 62GR,21.759,EA,21.759,2025-11-20 14:55:11.400,0.0,True,tobacco
1.0,PENAFIEL TWIST LIMON 600 ML NR,17.672,EA,17.672,2025-11-20 14:55:11.400,0.0,True,fuel
1.0,AGUA NATURAL BONAFONT 1 LT BOTELLA,17.0,EA,17.0,2025-11-20 14:49:11.893,0.0,True,tobacco
63.067,PEMEX MAGNA,1309.25,LITROS,20.76,2025-11-20 14:45:09.990,0.0,True,product
1.0,Room Revenue,1291.19,Actividad,1291.19,2025-11-20 14:42:07.597,0.0,True,product
1.0,AGUA MINERAL TOPO CHICO 600 ML BOTELLA NO RETORNABLE,20.69,EA,20.69,2025-11-20 14:42:07.597,0.0,True,food
1.0,20OZ CAPUCHINO SIN AZUCAR,34.483,EA,34.483,2025-11-20 14:42:07.597,0.0,True,tobacco
1.0,GELATINA ROLY BOTE MOSAICO 300G,26.5,EA,26.5,2025-11-20 14:42:07.597,0.0,True,product
1.0,ICE BREAKERS MENTA 9.6 GRS,18.0,EA,18.0,2025-11-20 14:42:07.597,0.0,True,fuel
1.0,SANDWICH DELIXIA INT CARNES FRIAS,45.5,EA,45.5,2025-11-20 14:42:07.597,0.0,True,food
38.0,Gas licuado de petróleo REM01238119,355.76,LT,9.362,2025-11-20 14:40:07.733,0.0,True,fuel
50.021,PEMEX MAGNA,1038.414,LITROS,20.76,2025-11-20 14:34:09.880,0.0,True,product
2.0,BONAFON AGUA PET 20LT,136.0,,68.0,2025-11-20 14:34:09.880,0.0,True,tobacco
1.0,PAPEL HIGIENICO PREMIER,125.0,,125.0,2025-11-20 14:34:09.880,0.0,True,product
1.0,PH Adorable 270 H 12pz,56.81,,56.81,2025-11-20 14:34:09.880,0.0,True,fuel
3.0,Toalla de cocina 1 rollo,55.6,,18.53,2025-11-20 14:34:09.880,0.0,True,tobacco
1.0,HCF CRACKERS MINI,32.87,,32.87,2025-11-20 14:34:09.880,0.0,True,product
2.0,NUTRILECHE UHT FORMULA LA,39.8,,19.9,2025-11-20 14:34:09.880,0.0,True,product
1.0,CHOCOLATE GRANULADO 320G,51.76,,51.76,2025-11-20 14:34:09.880,0.0,True,food
1.0,SURTIDO FINO 200g,43.43,,43.43,2025-11-20 14:34:09.880,0.0,True,fuel
1.0,CAJA METALICA ACME MOD. CM2 PZ,413.79,PIEZA,413.793,2025-11-20 14:34:09.880,0.0,True,tobacco
1.0,Extra topp sabores o extractos - Brownie,8.62,UNO,8.62,2025-11-20 14:29:10.780,0.0,True,food
2.0,PINTURA VINILICA BERELINTE #823 LTO,301.72,LITRO,150.86,2025-11-20 14:17:12.053,0.0,True,product
1.0,SERVICIO DE ALIMIENTOS Y BEBIDAS,308.333,,308.333,2025-11-20 14:13:11.843,0.0,True,product
1.0,PAPAS CHIPS BARCEL 170 GR BOLSA JALAPENO,60.185,EA,60.185,2025-11-20 14:12:10.387,0.0,True,food
1.0,REFRESCO PEPSI 600 ML BOTELLA NO RETORNABLE COLA,14.655,EA,14.655,2025-11-20 14:12:10.387,0.0,True,product
2.0,COFLEX VIN.BOILER1/2FIPX1/2FIP-80CM,309.55,PIEZA,154.78,2025-11-20 14:12:10.387,1.0,True,other
1.0,CINTA TEFLON 3/4 X 260,6.9,PIEZA,6.9,2025-11-20 14:12:10.387,1.0,True,other
1.0,LIJA PARA PLOMERO 1 METRO,18.84,PIEZA,18.84,2025-11-20 14:12:10.387,1.0,True,product
1.0,"CINTA TEFLON P/GAS AMARILLA 1/2"" X",11.75,PIEZA,11.75,2025-11-20 14:12:10.387,1.0,True,fuel
2.0,CONECT ROSCA INT 13MM,34.83,PIEZA,17.42,2025-11-20 14:12:10.387,1.0,True,product
1.0,CODO COBRE 90 13MM,6.96,PIEZA,6.96,2025-11-20 14:12:10.387,1.0,True,product
2.0,"COPLE COBR 13MM 1/2""",10.52,PIEZA,5.26,2025-11-20 14:12:10.387,1.0,True,other
2.0,CONECT ROSCA EXT 13MM,25.33,PIEZA,12.67,2025-11-20 14:12:10.387,1.0,True,other
3.0,"RED CAMPANA COBR 19X13MM 3/4""X1/2""",39.7,PIEZA,13.23,2025-11-20 14:12:10.387,1.0,True,other
2.0,TUERCA UNIÓN 13MM COBRE,112.6,PIEZA,56.3,2025-11-20 14:12:10.387,1.0,True,other
3.0,TUERCA UNIÓN 19MM COBRE,208.76,PIEZA,69.59,2025-11-20 14:12:10.387,1.0,True,other
1.0,SOFedExNacionalDíaSi,393.26,No Aplica,393.26,2025-11-20 14:12:10.387,118.0,True,tobacco
1.0,PRODUCTOS DE CONFITERIA-PRODUCTOS DE CONFITERIA-HALLS EXTRA STRONG 30/12/25.2G,16.0,PZA,16.0,2025-11-20 14:11:11.497,0.0,True,fuel
2.0,PRODUCTOS DE CONFITERIA-PALETA ZUMBA RICA 22GR,20.0,PZA,10.0,2025-11-20 14:11:11.497,0.0,True,product
1.0,BOTANAS-DORITOS NACHOS 58 G,31.0,PZA,31.0,2025-11-20 14:11:11.497,0.0,True,food
1.0,BOTANAS-DORITOS DIABLO 58 G,31.0,PZA,31.0,2025-11-20 14:11:11.497,0.0,True,food
2.0,BEBIDAS NO ALCOHÓLICAS-CIEL MINERALIZADA 600 ML PET,44.83,PZA,22.41,2025-11-20 14:11:11.497,0.0,True,alcohol
1.0,REFRESCO PEPSI 600 ML BOTELLA NO RETORNABLE COLA,14.655,EA,14.655,2025-11-20 14:11:11.497,0.0,True,product
1.0,AGUA PURIFICADA ELECTROPURA 1 LT BOTE,17.0,EA,17.0,2025-11-20 14:11:11.497,0.0,True,food
1.0,TRIDENT 4S FRESHMINT 5.2 GR,4.31,EA,4.31,2025-11-20 14:11:11.497,0.0,True,fuel
1.0,TRIDENT 4S YERBA 5.2 GR,4.31,EA,4.31,2025-11-20 14:11:11.497,0.0,True,product
1.0,SERVICIOS DE BUSES CON HORARIOS PROGRAMADOS-SERVICIOS DE VIAJE ADO GL XALAPA-MEXICO TAPO FOL. 110164591427 ASIENTO. 16 06/11/202,660.34,UNIDAD DE SERVICIO,660.34,2025-11-20 14:10:13.270,0.0,True,other
1.0,SERVICIOS DE BUSES CON HORARIOS PROGRAMADOS-SERVICIOS DE VIAJE ADO GL XALAPA-MEXICO TAPO FOL. 110164591428 ASIENTO. 15 06/11/202,660.34,UNIDAD DE SERVICIO,660.34,2025-11-20 14:10:13.270,0.0,True,other
1.0,PRODUCTOS DE LECHE Y MANTEQUILLA-YOG LALA BEB FRESA-MORA 220 GR,18.0,PZA,18.0,2025-11-20 14:10:13.270,0.0,True,product
2.0,PRODUCTOS DE CONFITERIA-PALETA ZUMBA RICA 22GR,20.0,PZA,10.0,2025-11-20 14:10:13.270,0.0,True,product
1.0,PRODUCTOS DE CONFITERIA-BIGOTES TIA ROSA CHOCOLATE 80,26.0,PZA,26.0,2025-11-20 14:10:13.270,0.0,True,product
1.0,-PLATANIN DULCE DE 80 GR,33.0,PZA,33.0,2025-11-20 14:10:13.270,0.0,True,food
1.0,PRODUCTOS DE CONFITERIA-CHOCOLATE MILKY WAY 48 GRS,30.0,PZA,30.0,2025-11-20 14:10:13.270,0.0,True,food
1.0,YRI,35.0,,35.0,2025-11-20 14:10:13.270,0.0,True,product
1.0,TUA,1304.0,,1304.0,2025-11-20 14:10:13.270,0.0,True,product
1.0,TRANSPORTACION AEREA,2173.28,,2173.28,2025-11-20 14:10:13.270,0.0,True,fuel
1.0,Aeromexico Plus - Seats,289.66,,289.66,2025-11-20 14:10:13.270,0.0,True,other
1.0,VUALA SORPRESA CAJETA 60GR,18.981,EA,18.981,2025-11-20 14:09:09.573,0.0,True,food
1.0,PAPAS CHIPS JALAPENO BARCEL 60 GR,30.556,EA,30.556,2025-11-20 14:09:09.573,0.0,True,food
1.0,REFRESCO PEPSI 1.5 L NRREGULAR,28.448,EA,28.448,2025-11-20 14:09:09.573,0.0,True,fuel
1.0,AGUA PURIFICADA BIOLEVE 1.5LT,15.0,EA,15.0,2025-11-20 14:09:09.573,0.0,True,food
1.0,TAKIS FUEGO BARCEL 80G,29.63,EA,29.63,2025-11-20 14:09:09.573,0.0,True,food
1.0,PRODUCTO AL 0%,59.0,Servicio,59.0,2025-11-20 14:05:09.477,0.0,True,product
1.0,COMISION RECARGA IDMX,8.621,NO APLICA,8.621,2025-11-20 14:00:09.837,0.0,True,product
1.0,RECARGA IDMX,767.241,NO APLICA,767.241,2025-11-20 14:00:09.837,0.0,True,product
1.0,PILA ALCALINA RS AA 4PK 72299 FP:2025-11-18 17:20:46,60.34,Pieza,60.34,2025-11-20 13:56:09.107,82.0,True,product
1.0,BOLIG BIC PMED AZUL 12PK,46.55,Caja,46.55,2025-11-20 13:56:09.107,82.0,True,product
1.0,BOLIG BIC PMED NEGRO 12PK,46.55,Caja,46.55,2025-11-20 13:56:09.107,82.0,True,product
2.0,PAPEL OFFICE DEPOT CARTA RESMA FP:2025-11-18 17:20:38,153.45,Pieza,76.73,2025-11-20 13:56:09.107,82.0,True,fuel
1.0,CUENTAFACIL BLISTER C/2,30.25,Pieza,30.25,2025-11-20 13:56:09.107,82.0,True,product
1.0,PILA ALCALINA RS AAA 36PK 7217 FP:2025-11-18 17:20:49,268.07,Pieza,268.07,2025-11-20 13:56:09.107,82.0,True,fuel
1.0,TINTA BOT T544 NEG P/3210/3250/5290 EPSON,189.66,PIEZA,189.66,2025-11-20 13:52:10.847,0.0,True,fuel
1.0,BOLIGRAFO P/MED STICK MORADO CJA/12 KMETRICO,42.84,PIEZA,42.84,2025-11-20 13:52:10.847,0.0,True,product
1.0,"CARPETA ARG CTA 1""C/VENT BCO LEFORT",54.74,PIEZA,54.74,2025-11-20 13:52:10.847,0.0,True,fuel
1.0,MICA TRANSPARENTE T/CTA PTE/100 SMART,98.28,Pieza,98.28,2025-11-20 13:52:10.847,0.0,True,other
1.0,"CUADERNO ESP 200H PROF C-5 P/D ""T"" EXCELLEN",193.1,PIEZA,193.1,2025-11-20 13:52:10.847,0.0,True,product
1.0,CONVERTIDOR A TIERRA C/2 BCO AD-32B VOLTECK,21.29,Pieza,21.29,2025-11-20 13:52:10.847,0.0,True,other
3.0,EXTENSION ELEC 3 CONT 2M BCO ED-2B VOLTECK,100.86,Pieza,33.62,2025-11-20 13:52:10.847,0.0,True,other
1.0,TOALLAS LIMPIADORAS P/COMPUTAD C/20 PERFECT,32.76,Pieza,32.76,2025-11-20 13:52:10.847,0.0,True,product
